file,recon,ssim,ssim11,ssim_norm,ssim_norm11,ssim_mean_baseline,ncc,l2,clipped_fraction,pre_clamp_min,pre_clamp_max,ctrl_ssim,ctrl_ssim11,ctrl_ssim_norm,ctrl_margin,ctrl_margin_norm,weight_change,delta_w_effective_rank,feature_stability,ntk_passed,n_steps,rank,seed,finetune_activation,lr,n_per_class,loss_type,anchor_alpha,dataset,source,finetune_optimizer,verify_weight
exp_b_T10_r8_s42_a149_celu.pth,lora,0.07967929542064667,0.054714225232601166,0.40456801652908325,0.22885601222515106,0.7630242109298706,1541.2550048828125,16.670644760131836,0.5318877696990967,-1.0001597551186587,1.9943464796958614,0.0987890213727951,0.10504816472530365,0.361772358417511,-0.019109725952148438,0.042795658111572266,0.16927555916939196,5,0.7081819776557092,False,10,8,42,celu,0.01,1,l2,0.0,mnist,all,sgd,1.0
exp_b_T10_r8_s42_a149_elu.pth,lora,0.07967929542064667,0.054714225232601166,0.40456801652908325,0.22885601222515106,0.7630242109298706,1541.2550048828125,16.670644760131836,0.5318877696990967,-1.0001597551186587,1.9943464796958614,0.0987890213727951,0.10504816472530365,0.361772358417511,-0.019109725952148438,0.042795658111572266,0.16927555916939196,5,0.7081819776557092,False,10,8,42,elu,0.01,1,l2,0.0,mnist,all,sgd,1.0
exp_b_T10_r8_s42_a149_gelu.pth,lora,0.029989011585712433,0.018451888114213943,0.18966460227966309,0.07438133656978607,0.7630242109298706,1452.8753662109375,18.717723846435547,0.6154336929321289,-1.0002141943002487,1.9981230248678756,0.02070603333413601,0.016011303290724754,0.1018013283610344,0.009282978251576424,0.08786327391862869,0.1596439168639513,7,0.6488531757271888,False,10,8,42,gelu,0.01,1,l2,0.0,mnist,all,sgd,1.0
exp_b_T10_r8_s42_a149_gelu_tanh.pth,lora,0.030041687190532684,0.018516702577471733,0.1907484233379364,0.07492022216320038,0.7630242109298706,1452.807373046875,18.706953048706055,0.6154336929321289,-1.000213234418639,1.9981228916011535,0.02079109475016594,0.016106942668557167,0.10246733576059341,0.009250592440366745,0.08828108757734299,0.15964592468222485,7,0.6489061185097899,False,10,8,42,gelu_tanh,0.01,1,l2,0.0,mnist,all,sgd,1.0
exp_b_T10_r8_s42_a149_hardswish.pth,lora,0.058370668441057205,0.034298188984394073,0.3516148328781128,0.17022700607776642,0.7630242109298706,1464.7850341796875,17.662635803222656,0.5854591727256775,-1.0001230906444725,1.9980946763999765,0.04768585413694382,0.03806101158261299,0.23045937716960907,0.010684814304113388,0.12115545570850372,0.16281509393351953,6,0.7140069938884381,False,10,8,42,hardswish,0.01,1,l2,0.0,mnist,all,sgd,1.0
exp_b_T10_r8_s42_a149_leaky_relu.pth,lora,0.47635239362716675,0.4639130234718323,0.7531057596206665,0.6751266717910767,0.7630242109298706,995.9937133789062,4.572147369384766,0.3928571343421936,-0.06521120327864811,1.0177463131667697,0.3471086621284485,0.27546176314353943,0.3611588478088379,0.12924373149871826,0.3919469118118286,0.15968205537086488,8,0.53278224383697,False,10,8,42,leaky_relu,0.01,1,l2,0.0,mnist,all,sgd,1.0
exp_b_T10_r8_s42_a149_mish.pth,lora,0.03083796426653862,0.017712850123643875,0.216197669506073,0.08462624996900558,0.7630242109298706,1494.560302734375,19.29535675048828,0.6116071343421936,-1.000161638758925,1.9981043638796117,0.02179812081158161,0.01581786386668682,0.11969374865293503,0.009039843454957008,0.09650392085313797,0.15936364650969045,7,0.6929210396144494,False,10,8,42,mish,0.01,1,l2,0.0,mnist,all,sgd,1.0
exp_b_T10_r8_s42_a149_relu.pth,lora,0.4764121472835541,0.4639647305011749,0.7531452178955078,0.67516028881073,0.7630242109298706,995.660888671875,4.572009086608887,0.3928571343421936,-0.06519839672373043,1.0177431158597878,0.34715861082077026,0.27549776434898376,0.36120009422302246,0.1292535364627838,0.39194512367248535,0.16026677097200925,8,0.5287742780101168,False,10,8,42,relu,0.01,1,l2,0.0,mnist,all,sgd,1.0
exp_b_T10_r8_s42_a149_selu.pth,lora,0.4737012982368469,0.4603230953216553,0.7511003017425537,0.6716387271881104,0.7630242109298706,1077.7738037109375,4.6130266189575195,0.3922193944454193,-0.06682752893156557,1.0171531050994673,0.34623852372169495,0.2745167016983032,0.3619682192802429,0.12746277451515198,0.3891320824623108,0.18442781592271337,3,0.6467136957886368,False,10,8,42,selu,0.01,1,l2,0.0,mnist,all,sgd,1.0
exp_b_T10_r8_s42_a149_sigmoid.pth,lora,0.49724334478378296,0.47204700112342834,0.6307292580604553,0.5718185901641846,0.7630242109298706,768.912353515625,6.911334037780762,0.5070152878761292,-0.9999581037488948,1.664643409842026,0.37377387285232544,0.2807840406894684,0.3884621858596802,0.12346947193145752,0.24226707220077515,0.06888864525312388,3,0.9775001244311077,False,10,8,42,sigmoid,0.01,1,l2,0.0,mnist,all,sgd,1.0
exp_b_T10_r8_s42_a149_silu.pth,lora,0.04499189555644989,0.027410127222537994,0.2794770896434784,0.1234404444694519,0.7630242109298706,1457.26806640625,18.335542678833008,0.5975765585899353,-1.0001604298435853,1.9981099948526004,0.0266302227973938,0.017823707312345505,0.16288064420223236,0.01836167275905609,0.11659644544124603,0.1620771939693878,7,0.6918699838287373,False,10,8,42,silu,0.01,1,l2,0.0,mnist,all,sgd,1.0
exp_b_T10_r8_s42_a149_softplus.pth,lora,0.49188101291656494,0.4784732460975647,0.6451115608215332,0.5994682312011719,0.7630242109298706,1205.035400390625,4.937567710876465,0.44005101919174194,-0.5054365380003348,1.2948141453705382,0.3814513087272644,0.3037891983985901,0.4485175907611847,0.11042970418930054,0.1965939700603485,0.20656389764325986,6,0.8809266953398299,False,10,8,42,softplus,0.01,1,l2,0.0,mnist,all,sgd,1.0
exp_b_T10_r8_s42_a149_tanh.pth,lora,0.057164087891578674,0.009880799800157547,0.15403304994106293,0.027071615681052208,0.7630242109298706,1536.843505859375,20.315834045410156,0.6460459232330322,-1.0002231034327147,1.5001897618149966,0.018766384571790695,-0.020098090171813965,0.06238909065723419,0.03839770331978798,0.09164395928382874,0.17242831153189203,5,0.6901221815800376,False,10,8,42,tanh,0.01,1,l2,0.0,mnist,all,sgd,1.0
exp_b_T1_fashion_r8_s42_a149_celu.pth,lora,0.41600972414016724,0.4640432596206665,0.5997405052185059,0.5635049939155579,0.645892322063446,1597.3465576171875,4.991696357727051,0.2410714328289032,-0.122286800518616,0.8723164387257653,0.1630900800228119,0.14859673380851746,0.2710663676261902,0.25291964411735535,0.3286741375923157,1.453889815704755e-07,2,0.999999999999635,True,1,8,42,celu,0.01,1,l2,0.0,fashion,,,
exp_b_T1_fashion_r8_s42_a149_celu_lr0.1_vw5.pth,lora,0.41600972414016724,0.4640432596206665,0.5997405052185059,0.5635049939155579,0.645892322063446,1597.3465576171875,4.991696357727051,0.2410714328289032,-0.122286800518616,0.8723164387257653,0.1630900800228119,0.14859673380851746,0.2710663676261902,0.25291964411735535,0.3286741375923157,1.4538898157045389e-06,2,0.9999999999634974,True,1,8,42,celu,0.1,1,l2,0.0,fashion,all,sgd,5.0
exp_b_T1_fashion_r8_s42_a149_celu_lr0.3_vw5.pth,lora,0.41600972414016724,0.4640432596206665,0.5997405052185059,0.5635049939155579,0.645892322063446,1597.3465576171875,4.991696357727051,0.2410714328289032,-0.122286800518616,0.8723164387257653,0.1630900800228119,0.14859673380851746,0.2710663676261902,0.25291964411735535,0.3286741375923157,4.361669447113646e-06,2,0.9999999996713609,True,1,8,42,celu,0.3,1,l2,0.0,fashion,all,sgd,5.0
exp_b_T1_fashion_r8_s42_a149_celu_npc5_vw5.pth,lora,0.14656537771224976,0.18775716423988342,0.2191709280014038,0.23562124371528625,0.20695526897907257,1548.2318115234375,12.527593612670898,0.23125000298023224,-0.9815119105911032,1.827781393404997,0.07680223882198334,0.09754590690135956,0.16801729798316956,0.06976313889026642,0.05115363001823425,0.03184197558441843,3,0.9972628379702805,False,1,8,42,celu,0.01,5,l2,0.0,fashion,all,sgd,5.0
exp_b_T1_fashion_r8_s42_a149_elu.pth,lora,0.41600972414016724,0.4640432596206665,0.5997405052185059,0.5635049939155579,0.645892322063446,1597.3465576171875,4.991696357727051,0.2410714328289032,-0.122286800518616,0.8723164387257653,0.1630900800228119,0.14859673380851746,0.2710663676261902,0.25291964411735535,0.3286741375923157,1.453889815704755e-07,2,0.999999999999635,True,1,8,42,elu,0.01,1,l2,0.0,fashion,,,
exp_b_T1_fashion_r8_s42_a149_elu_lr0.1_vw5.pth,lora,0.41600972414016724,0.4640432596206665,0.5997405052185059,0.5635049939155579,0.645892322063446,1597.3465576171875,4.991696357727051,0.2410714328289032,-0.122286800518616,0.8723164387257653,0.1630900800228119,0.14859673380851746,0.2710663676261902,0.25291964411735535,0.3286741375923157,1.4538898157045389e-06,2,0.9999999999634974,True,1,8,42,elu,0.1,1,l2,0.0,fashion,all,sgd,5.0
exp_b_T1_fashion_r8_s42_a149_elu_lr0.3_vw5.pth,lora,0.41600972414016724,0.4640432596206665,0.5997405052185059,0.5635049939155579,0.645892322063446,1597.3465576171875,4.991696357727051,0.2410714328289032,-0.122286800518616,0.8723164387257653,0.1630900800228119,0.14859673380851746,0.2710663676261902,0.25291964411735535,0.3286741375923157,4.361669447113646e-06,2,0.9999999996713609,True,1,8,42,elu,0.3,1,l2,0.0,fashion,all,sgd,5.0
exp_b_T1_fashion_r8_s42_a149_elu_npc5_vw5.pth,lora,0.14656537771224976,0.18775716423988342,0.2191709280014038,0.23562124371528625,0.20695526897907257,1548.2318115234375,12.527593612670898,0.23125000298023224,-0.9815119105911032,1.827781393404997,0.07680223882198334,0.09754590690135956,0.16801729798316956,0.06976313889026642,0.05115363001823425,0.03184197558441843,3,0.9972628379702805,False,1,8,42,elu,0.01,5,l2,0.0,fashion,all,sgd,5.0
exp_b_T1_fashion_r8_s42_a149_gelu.pth,lora,0.41600972414016724,0.4640432596206665,0.5997405052185059,0.5635049939155579,0.645892322063446,1597.3465576171875,4.991696357727051,0.2410714328289032,-0.122286800518616,0.8723164387257653,0.1630900800228119,0.14859673380851746,0.2710663676261902,0.25291964411735535,0.3286741375923157,0.0004885405709274569,2,0.9999941185859392,True,1,8,42,gelu,0.01,1,l2,0.0,fashion,,,
exp_b_T1_fashion_r8_s42_a149_gelu_lr0.1_vw5.pth,lora,0.49159684777259827,0.5308459401130676,0.5772304534912109,0.5849915146827698,0.645892322063446,785.6405639648438,6.626347541809082,0.3526785671710968,-0.7736314239472531,1.8234671510125844,0.23843806982040405,0.16862201690673828,0.29147860407829285,0.2531587779521942,0.2857518494129181,0.004885405709274569,2,0.9994135533498129,True,1,8,42,gelu,0.1,1,l2,0.0,fashion,all,sgd,5.0
exp_b_T1_fashion_r8_s42_a149_gelu_lr0.3_vw5.pth,lora,0.3973201513290405,0.433990478515625,0.4754784107208252,0.4838201403617859,0.645892322063446,935.037109375,9.767781257629395,0.4330357015132904,-0.9999940253786189,1.82929553838262,0.20324677228927612,0.13897810876369476,0.2466619312763214,0.1940733790397644,0.22881647944450378,0.014656217127823707,2,0.9947803389936154,False,1,8,42,gelu,0.3,1,l2,0.0,fashion,all,sgd,5.0
exp_b_T1_fashion_r8_s42_a149_gelu_npc5.pth,lora,0.1446809023618698,0.19392672181129456,0.22006697952747345,0.238458514213562,0.20695526897907257,1538.2928466796875,11.854494094848633,0.21581633388996124,-0.9466664954795108,1.8274376101426908,0.06760242581367493,0.09607542306184769,0.16175734996795654,0.07707847654819489,0.05830962955951691,0.010132725000260079,8,0.999303536050571,False,1,8,42,gelu,0.01,5,l2,0.0,fashion,,,
exp_b_T1_fashion_r8_s42_a149_gelu_tanh.pth,lora,0.41600972414016724,0.4640432596206665,0.5997405052185059,0.5635049939155579,0.645892322063446,1597.3465576171875,4.991696357727051,0.2410714328289032,-0.122286800518616,0.8723164387257653,0.1630900800228119,0.14859673380851746,0.2710663676261902,0.25291964411735535,0.3286741375923157,0.0004885464529243362,2,0.9999941186363169,True,1,8,42,gelu_tanh,0.01,1,l2,0.0,fashion,,,
exp_b_T1_fashion_r8_s42_a149_gelu_tanh_lr0.1_vw5.pth,lora,0.47277259826660156,0.5071623921394348,0.5512009263038635,0.5581835508346558,0.645892322063446,854.6478271484375,7.4852118492126465,0.3654336631298065,-0.9877397951113333,1.8287704914270417,0.2380875051021576,0.16273513436317444,0.2864459156990051,0.23468509316444397,0.2647550106048584,0.004885464529243363,2,0.9994135594787565,True,1,8,42,gelu_tanh,0.1,1,l2,0.0,fashion,all,sgd,5.0
exp_b_T1_fashion_r8_s42_a149_gelu_tanh_lr0.3_vw5.pth,lora,0.3934284448623657,0.43213409185409546,0.4736524522304535,0.48255544900894165,0.645892322063446,906.8815307617188,9.871271133422852,0.4330357015132904,-0.9999758832096725,1.8292415362371,0.1999732404947281,0.140064999461174,0.24364887177944183,0.19345520436763763,0.23000358045101166,0.014656393587730087,2,0.9947804314767982,False,1,8,42,gelu_tanh,0.3,1,l2,0.0,fashion,all,sgd,5.0
exp_b_T1_fashion_r8_s42_a149_gelu_tanh_npc5_vw5.pth,lora,0.1433701366186142,0.1923287808895111,0.21886804699897766,0.2367888242006302,0.20695526897907257,1536.835205078125,11.921186447143555,0.21849489212036133,-0.9466583818597999,1.8274495221697031,0.06670325994491577,0.09519489109516144,0.15984919667243958,0.07666687667369843,0.059018850326538086,0.010132529925507061,8,0.9993036687945737,False,1,8,42,gelu_tanh,0.01,5,l2,0.0,fashion,all,sgd,5.0
exp_b_T1_fashion_r8_s42_a149_hardswish.pth,lora,0.41600972414016724,0.4640432596206665,0.5997405052185059,0.5635049939155579,0.645892322063446,1597.3465576171875,4.991696357727051,0.2410714328289032,-0.122286800518616,0.8723164387257653,0.1630900800228119,0.14859673380851746,0.2710663676261902,0.25291964411735535,0.3286741375923157,0.0006361547506579108,2,0.9999931095674419,True,1,8,42,hardswish,0.01,1,l2,0.0,fashion,,,
exp_b_T1_fashion_r8_s42_a149_hardswish_lr0.1_vw5.pth,lora,0.4982602894306183,0.5284378528594971,0.5860873460769653,0.5866169929504395,0.645892322063446,779.0364990234375,6.46566915512085,0.3163265287876129,-0.7770881431348258,1.8254430783897733,0.24279354512691498,0.18918514251708984,0.2985337972640991,0.2554667443037033,0.2875535488128662,0.006361547506579108,2,0.9993122220605664,True,1,8,42,hardswish,0.1,1,l2,0.0,fashion,all,sgd,5.0
exp_b_T1_fashion_r8_s42_a149_hardswish_lr0.3_vw5.pth,lora,0.3284107744693756,0.3628385663032532,0.40762388706207275,0.40829646587371826,0.645892322063446,1123.58447265625,10.866978645324707,0.43941327929496765,-0.9999941848134227,1.8466327148939128,0.1681896597146988,0.11222277581691742,0.2169155478477478,0.16022111475467682,0.19070833921432495,0.01908464251973732,2,0.9938688745857098,False,1,8,42,hardswish,0.3,1,l2,0.0,fashion,all,sgd,5.0
exp_b_T1_fashion_r8_s42_a149_hardswish_npc5_vw5.pth,lora,0.15379421412944794,0.2010914832353592,0.2355293333530426,0.24721217155456543,0.20695526897907257,1573.424072265625,10.47649097442627,0.1469387710094452,-0.8932397665573157,1.816424343867822,0.07809606939554214,0.10353027284145355,0.18378996849060059,0.07569814473390579,0.05173936486244202,0.008858280748226578,8,0.9997509721732305,True,1,8,42,hardswish,0.01,5,l2,0.0,fashion,all,sgd,5.0
exp_b_T1_fashion_r8_s42_a149_leaky_relu.pth,lora,0.41600972414016724,0.4640432596206665,0.5997405052185059,0.5635049939155579,0.645892322063446,1597.3465576171875,4.991696357727051,0.2410714328289032,-0.122286800518616,0.8723164387257653,0.1630900800228119,0.14859673380851746,0.2710663676261902,0.25291964411735535,0.3286741375923157,6.784423773123196e-06,2,0.9999449273332629,True,1,8,42,leaky_relu,0.01,1,l2,0.0,fashion,,,
exp_b_T1_fashion_r8_s42_a149_leaky_relu_lr0.1_vw5.pth,lora,0.41600972414016724,0.4640432596206665,0.5997405052185059,0.5635049939155579,0.645892322063446,1597.3465576171875,4.991696357727051,0.2410714328289032,-0.122286800518616,0.8723164387257653,0.1630900800228119,0.14859673380851746,0.2710663676261902,0.25291964411735535,0.3286741375923157,6.784423773123194e-05,2,0.9991181067921059,True,1,8,42,leaky_relu,0.1,1,l2,0.0,fashion,all,sgd,5.0
exp_b_T1_fashion_r8_s42_a149_leaky_relu_lr0.3_vw5.pth,lora,0.41600972414016724,0.4640432596206665,0.5997405052185059,0.5635049939155579,0.645892322063446,1597.3465576171875,4.991696357727051,0.2410714328289032,-0.122286800518616,0.8723164387257653,0.1630900800228119,0.14859673380851746,0.2710663676261902,0.25291964411735535,0.3286741375923157,0.00020353271319369575,2,0.9972044898085707,True,1,8,42,leaky_relu,0.3,1,l2,0.0,fashion,all,sgd,5.0
exp_b_T1_fashion_r8_s42_a149_leaky_relu_npc5_vw5.pth,lora,0.17797809839248657,0.23646488785743713,0.27693992853164673,0.30011019110679626,0.20695526897907257,1415.0521240234375,8.677881240844727,0.06071428582072258,-0.09877123597302134,0.9297369970622081,0.0905681848526001,0.12940864264965057,0.20273835957050323,0.08740991353988647,0.0742015689611435,0.02650045442679199,5,0.9343481536599164,False,1,8,42,leaky_relu,0.01,5,l2,0.0,fashion,all,sgd,5.0
exp_b_T1_fashion_r8_s42_a149_mish.pth,lora,0.41600972414016724,0.4640432596206665,0.5997405052185059,0.5635049939155579,0.645892322063446,1597.3465576171875,4.991696357727051,0.2410714328289032,-0.122286800518616,0.8723164387257653,0.1630900800228119,0.14859673380851746,0.2710663676261902,0.25291964411735535,0.3286741375923157,0.00014784187721619742,2,0.9999995699536066,True,1,8,42,mish,0.01,1,l2,0.0,fashion,,,
exp_b_T1_fashion_r8_s42_a149_mish_lr0.1_vw5.pth,lora,0.41600972414016724,0.4640432596206665,0.5997405052185059,0.5635049939155579,0.645892322063446,1597.3465576171875,4.991696357727051,0.2410714328289032,-0.122286800518616,0.8723164387257653,0.1630900800228119,0.14859673380851746,0.2710663676261902,0.25291964411735535,0.3286741375923157,0.0014784187721619743,2,0.999957012956652,True,1,8,42,mish,0.1,1,l2,0.0,fashion,all,sgd,5.0
exp_b_T1_fashion_r8_s42_a149_mish_lr0.3_vw5.pth,lora,0.5192303657531738,0.5541186928749084,0.6085253953933716,0.6051832437515259,0.645892322063446,828.2015380859375,4.443115711212158,0.23915816843509674,-0.34522950813218845,1.3123482911533817,0.26044949889183044,0.2288023978471756,0.31568706035614014,0.2587808668613434,0.29283833503723145,0.004435256316485923,2,0.9996136007889358,True,1,8,42,mish,0.3,1,l2,0.0,fashion,all,sgd,5.0
exp_b_T1_fashion_r8_s42_a149_mish_npc5_vw5.pth,lora,0.14510320127010345,0.19260501861572266,0.22258195281028748,0.23950541019439697,0.20695526897907257,1546.181396484375,12.02945327758789,0.21696428954601288,-0.9568578248061645,1.8274393141854723,0.06933754682540894,0.09620390832424164,0.16351193189620972,0.07576565444469452,0.05907002091407776,0.013921215269503052,6,0.9991639510557981,False,1,8,42,mish,0.01,5,l2,0.0,fashion,all,sgd,5.0
exp_b_T1_fashion_r8_s42_a149_relu.pth,lora,0.41600972414016724,0.4640432596206665,0.5997405052185059,0.5635049939155579,0.645892322063446,1597.3465576171875,4.991696357727051,0.2410714328289032,-0.122286800518616,0.8723164387257653,0.1630900800228119,0.14859673380851746,0.2710663676261902,0.25291964411735535,0.3286741375923157,7.085542657457724e-06,2,0.9999463691013619,True,1,8,42,relu,0.01,1,l2,0.0,fashion,,,
exp_b_T1_fashion_r8_s42_a149_relu_lr0.1_vw5.pth,lora,0.41600972414016724,0.4640432596206665,0.5997405052185059,0.5635049939155579,0.645892322063446,1597.3465576171875,4.991696357727051,0.2410714328289032,-0.122286800518616,0.8723164387257653,0.1630900800228119,0.14859673380851746,0.2710663676261902,0.25291964411735535,0.3286741375923157,7.085542657457712e-05,2,0.9990689621273066,True,1,8,42,relu,0.1,1,l2,0.0,fashion,all,sgd,5.0
exp_b_T1_fashion_r8_s42_a149_relu_lr0.3_vw5.pth,lora,0.41600972414016724,0.4640432596206665,0.5997405052185059,0.5635049939155579,0.645892322063446,1597.3465576171875,4.991696357727051,0.2410714328289032,-0.122286800518616,0.8723164387257653,0.1630900800228119,0.14859673380851746,0.2710663676261902,0.25291964411735535,0.3286741375923157,0.00021256627972373132,2,0.9971214188795514,True,1,8,42,relu,0.3,1,l2,0.0,fashion,all,sgd,5.0
exp_b_T1_fashion_r8_s42_a149_relu_npc5_vw5.pth,lora,0.17911119759082794,0.23778097331523895,0.27969080209732056,0.3025668263435364,0.20695526897907257,1373.8477783203125,8.653826713562012,0.05969387665390968,-0.0912205573029131,0.9297369972812922,0.0912545695900917,0.13020826876163483,0.20470848679542542,0.08785662800073624,0.07498231530189514,0.02649191083877192,5,0.9332274171532312,False,1,8,42,relu,0.01,5,l2,0.0,fashion,all,sgd,5.0
exp_b_T1_fashion_r8_s42_a149_selu.pth,lora,0.41600972414016724,0.4640432596206665,0.5997405052185059,0.5635049939155579,0.645892322063446,1597.3465576171875,4.991696357727051,0.2410714328289032,-0.122286800518616,0.8723164387257653,0.1630900800228119,0.14859673380851746,0.2710663676261902,0.25291964411735535,0.3286741375923157,1.4179955215605676e-10,2,1.0,True,1,8,42,selu,0.01,1,l2,0.0,fashion,,,
exp_b_T1_fashion_r8_s42_a149_selu_lr0.1_vw5.pth,lora,0.41600972414016724,0.4640432596206665,0.5997405052185059,0.5635049939155579,0.645892322063446,1597.3465576171875,4.991696357727051,0.2410714328289032,-0.122286800518616,0.8723164387257653,0.1630900800228119,0.14859673380851746,0.2710663676261902,0.25291964411735535,0.3286741375923157,1.4179955214405602e-09,2,1.0,True,1,8,42,selu,0.1,1,l2,0.0,fashion,all,sgd,5.0
exp_b_T1_fashion_r8_s42_a149_selu_lr0.3_vw5.pth,lora,0.41600972414016724,0.4640432596206665,0.5997405052185059,0.5635049939155579,0.645892322063446,1597.3465576171875,4.991696357727051,0.2410714328289032,-0.122286800518616,0.8723164387257653,0.1630900800228119,0.14859673380851746,0.2710663676261902,0.25291964411735535,0.3286741375923157,4.2539865643100826e-09,2,0.9999999999999996,True,1,8,42,selu,0.3,1,l2,0.0,fashion,all,sgd,5.0
exp_b_T1_fashion_r8_s42_a149_selu_npc5_vw5.pth,lora,0.18815886974334717,0.24964579939842224,0.2897775173187256,0.3169110417366028,0.20695526897907257,1330.5537109375,8.539335250854492,0.06198979541659355,-0.10643289906132664,0.9297369975904787,0.09245902299880981,0.13384521007537842,0.2069993019104004,0.09569984674453735,0.0827782154083252,0.05237580062477494,3,0.9752729997003524,False,1,8,42,selu,0.01,5,l2,0.0,fashion,all,sgd,5.0
exp_b_T1_fashion_r8_s42_a149_sigmoid.pth,lora,0.49841418862342834,0.5334690809249878,0.6003170013427734,0.596733570098877,0.645892322063446,1133.7039794921875,4.54240608215332,0.25255101919174194,-0.33509220126940004,1.114337013538005,0.24867558479309082,0.2140796184539795,0.29268476366996765,0.24973860383033752,0.3076322376728058,0.006754625316768394,2,0.9997415457648577,True,1,8,42,sigmoid,0.01,1,l2,0.0,fashion,,,
exp_b_T1_fashion_r8_s42_a149_sigmoid_lr0.1_vw5.pth,lora,0.4479699432849884,0.48691990971565247,0.5206725597381592,0.529086172580719,0.645892322063446,1159.2813720703125,5.0178542137146,0.26594388484954834,-0.35688497425275095,1.2195865493638132,0.2444634586572647,0.21544544398784637,0.28005164861679077,0.2035064846277237,0.2406209111213684,0.06754625316768394,2,0.9775140736251641,False,1,8,42,sigmoid,0.1,1,l2,0.0,fashion,all,sgd,5.0
exp_b_T1_fashion_r8_s42_a149_sigmoid_lr0.3_vw5.pth,lora,0.4170929193496704,0.44916343688964844,0.4309932589530945,0.466638445854187,0.645892322063446,632.6859741210938,9.783601760864258,0.4655612111091614,-0.9999997017404663,1.8233228396963757,0.227292001247406,0.1811625212430954,0.21938247978687286,0.1898009181022644,0.21161077916622162,0.2026387595030518,2,0.8822787865610567,False,1,8,42,sigmoid,0.3,1,l2,0.0,fashion,all,sgd,5.0
exp_b_T1_fashion_r8_s42_a149_sigmoid_npc5.pth,lora,0.1623985469341278,0.21992246806621552,0.2624543309211731,0.2774619162082672,0.20695526897907257,1562.047607421875,8.796934127807617,0.05943877622485161,-0.09147392409574281,0.9297369975904787,0.08697672933340073,0.1256173551082611,0.19989672303199768,0.07542181760072708,0.06255760788917542,0.006459821748272035,8,0.9997544481149003,True,1,8,42,sigmoid,0.01,5,l2,0.0,fashion,,,
exp_b_T1_fashion_r8_s42_a149_silu.pth,lora,0.41600972414016724,0.4640432596206665,0.5997405052185059,0.5635049939155579,0.645892322063446,1597.3465576171875,4.991696357727051,0.2410714328289032,-0.122286800518616,0.8723164387257653,0.1630900800228119,0.14859673380851746,0.2710663676261902,0.25291964411735535,0.3286741375923157,0.0005799091908244693,2,0.9999935484224147,True,1,8,42,silu,0.01,1,l2,0.0,fashion,,,
exp_b_T1_fashion_r8_s42_a149_silu_lr0.1_vw5.pth,lora,0.4892416000366211,0.5324326157569885,0.5742179751396179,0.5859599113464355,0.645892322063446,848.0364379882812,6.5540547370910645,0.3469387888908386,-0.6352937465751656,1.827442498916784,0.2337210476398468,0.16044606268405914,0.2861921787261963,0.2555205523967743,0.28802579641342163,0.005799091908244693,2,0.9993561592242333,True,1,8,42,silu,0.1,1,l2,0.0,fashion,all,sgd,5.0
exp_b_T1_fashion_r8_s42_a149_silu_lr0.3_vw5.pth,lora,0.3630245327949524,0.39803698658943176,0.4417878985404968,0.44581910967826843,0.645892322063446,1049.6636962890625,10.335700988769531,0.4323979616165161,-0.9999986402802854,1.8293927201118012,0.18492093682289124,0.1248614564538002,0.23167559504508972,0.17810359597206116,0.2101123034954071,0.017397275724734075,2,0.9942608321684959,False,1,8,42,silu,0.3,1,l2,0.0,fashion,all,sgd,5.0
exp_b_T1_fashion_r8_s42_a149_silu_npc5.pth,lora,0.1546502709388733,0.20282049477100372,0.23061910271644592,0.246799498796463,0.20695526897907257,1544.695068359375,10.777952194213867,0.16607142984867096,-0.8835556075641567,1.8155024764049643,0.08030151575803757,0.10467585176229477,0.18220767378807068,0.07434875518083572,0.048411428928375244,0.0092616332872964,8,0.9996380946701386,True,1,8,42,silu,0.01,5,l2,0.0,fashion,,,
exp_b_T1_fashion_r8_s42_a149_softplus.pth,lora,0.48174595832824707,0.5109214782714844,0.5838364362716675,0.5737437009811401,0.645892322063446,1211.515380859375,4.92686653137207,0.2602040767669678,-0.4266397323864749,1.241455148622707,0.24223384261131287,0.20884478092193604,0.28629475831985474,0.2395121157169342,0.29754167795181274,0.038951245575191,1,0.992965950671824,False,1,8,42,softplus,0.01,1,l2,0.0,fashion,,,
exp_b_T1_fashion_r8_s42_a149_softplus_lr0.1_vw5.pth,lora,0.4817374348640442,0.5109080076217651,0.583825409412384,0.5737289786338806,0.645892322063446,1211.5667724609375,4.927066802978516,0.2595663368701935,-0.42666854803430543,1.2415129037629165,0.24223162233829498,0.20883989334106445,0.28629130125045776,0.2395058125257492,0.29753410816192627,0.38951245575191007,1,0.6609856639276201,False,1,8,42,softplus,0.1,1,l2,0.0,fashion,all,sgd,5.0
exp_b_T1_fashion_r8_s42_a149_softplus_lr0.3_vw5.pth,lora,0.4817374348640442,0.5109080076217651,0.583825409412384,0.5737289786338806,0.645892322063446,1211.5667724609375,4.927066802978516,0.2595663368701935,-0.42666854803430526,1.2415129037629167,0.24223162233829498,0.20883989334106445,0.28629130125045776,0.2395058125257492,0.29753410816192627,1.16853736725573,1,0.38866046435289403,False,1,8,42,softplus,0.3,1,l2,0.0,fashion,all,sgd,5.0
exp_b_T1_fashion_r8_s42_a149_softplus_npc5.pth,lora,0.14334669709205627,0.1543627828359604,0.18956570327281952,0.1894885003566742,0.20695526897907257,1533.523681640625,16.2000789642334,0.40625,-0.8919316780784866,1.8494115864327632,0.09680183231830597,0.09073425829410553,0.16773642599582672,0.046544864773750305,0.021829277276992798,0.03171683147603483,6,0.9955525443537936,False,1,8,42,softplus,0.01,5,l2,0.0,fashion,,,
exp_b_T1_fashion_r8_s42_a149_tanh.pth,lora,0.41600972414016724,0.4640432596206665,0.5997405052185059,0.5635049939155579,0.645892322063446,1597.3465576171875,4.991696357727051,0.2410714328289032,-0.122286800518616,0.8723164387257653,0.1630900800228119,0.14859673380851746,0.2710663676261902,0.25291964411735535,0.3286741375923157,1.6589662647758482e-07,2,0.9999999999995641,True,1,8,42,tanh,0.01,1,l2,0.0,fashion,,,
exp_b_T1_fashion_r8_s42_a149_tanh_lr0.1_vw5.pth,lora,0.41600972414016724,0.4640432596206665,0.5997405052185059,0.5635049939155579,0.645892322063446,1597.3465576171875,4.991696357727051,0.2410714328289032,-0.122286800518616,0.8723164387257653,0.1630900800228119,0.14859673380851746,0.2710663676261902,0.25291964411735535,0.3286741375923157,1.65896626477595e-06,2,0.9999999999564075,True,1,8,42,tanh,0.1,1,l2,0.0,fashion,all,sgd,5.0
exp_b_T1_fashion_r8_s42_a149_tanh_lr0.3_vw5.pth,lora,0.41600972414016724,0.4640432596206665,0.5997405052185059,0.5635049939155579,0.645892322063446,1597.3465576171875,4.991696357727051,0.2410714328289032,-0.122286800518616,0.8723164387257653,0.1630900800228119,0.14859673380851746,0.2710663676261902,0.25291964411735535,0.3286741375923157,4.976898794327845e-06,2,0.999999999607667,True,1,8,42,tanh,0.3,1,l2,0.0,fashion,all,sgd,5.0
exp_b_T1_fashion_r8_s42_a149_tanh_npc5.pth,lora,0.15107133984565735,0.1877579391002655,0.22359421849250793,0.23409898579120636,0.20695526897907257,1441.1956787109375,11.979334831237793,0.2218112200498581,-0.9654769439309371,1.827451136105422,0.07199689745903015,0.09505091607570648,0.16411831974983215,0.0790744423866272,0.05947589874267578,0.03130604744804473,3,0.9978123187439554,False,1,8,42,tanh,0.01,5,l2,0.0,fashion,,,
exp_b_T1_flowers32_r8_s42_a149_celu.pth,lora,0.4543631672859192,0.4812692105770111,0.5461478233337402,0.5487008094787598,0.6463707089424133,1713.4864501953125,25.983121871948242,0.4519856870174408,-0.9509737747340614,1.819604855137273,0.18143080174922943,0.20780453085899353,0.2549448609352112,0.27293236553668976,0.29120296239852905,0.05149772352292026,2,0.9639575017190662,False,1,8,42,celu,0.01,1,l2,0.0,flowers32,all,sgd,1.0
exp_b_T1_flowers32_r8_s42_a149_celu_lr0.005.pth,lora,0.4679049253463745,0.4821811020374298,0.5026755928993225,0.5094506740570068,0.6463707089424133,3335.094482421875,16.431652069091797,0.2200520783662796,-0.9257771947081463,1.7840760455588756,0.1698479950428009,0.18745429813861847,0.1858542561531067,0.2980569303035736,0.3168213367462158,0.02574886176146013,2,0.9905984772989729,False,1,8,42,celu,0.005,1,l2,0.0,flowers32,all,sgd,1.0
exp_b_T1_flowers32_r8_s42_a149_celu_lr0.02.pth,lora,0.46175068616867065,0.47669196128845215,0.5027911067008972,0.5062535405158997,0.6463707089424133,2983.13818359375,21.10731315612793,0.31591796875,-0.9509277667291297,1.8269999607189575,0.16580519080162048,0.18366290628910065,0.1887383610010147,0.29594549536705017,0.3140527456998825,0.10299544704584052,2,0.8728933903936347,False,1,8,42,celu,0.02,1,l2,0.0,flowers32,all,sgd,1.0
exp_b_T1_flowers32_r8_s42_a149_celu_lr0.05.pth,lora,0.4508151710033417,0.4784952998161316,0.5421656966209412,0.5447424054145813,0.6463707089424133,1791.799072265625,26.787647247314453,0.4716796875,-0.9509723536371274,1.8294098141934363,0.17885683476924896,0.20484493672847748,0.25246739387512207,0.2719583362340927,0.2896983027458191,0.2574886176146013,2,0.5666228420195438,False,1,8,42,celu,0.05,1,l2,0.0,flowers32,all,sgd,1.0
exp_b_T1_flowers32_r8_s42_a149_elu.pth,lora,0.4543631672859192,0.4812692105770111,0.5461478233337402,0.5487008094787598,0.6463707089424133,1713.4864501953125,25.983121871948242,0.4519856870174408,-0.9509737747340614,1.819604855137273,0.18143080174922943,0.20780453085899353,0.2549448609352112,0.27293236553668976,0.29120296239852905,0.05149772352292026,2,0.9639575017190662,False,1,8,42,elu,0.01,1,l2,0.0,flowers32,all,sgd,1.0
exp_b_T1_flowers32_r8_s42_a149_elu_lr0.005.pth,lora,0.4679049253463745,0.4821811020374298,0.5026755928993225,0.5094506740570068,0.6463707089424133,3335.094482421875,16.431652069091797,0.2200520783662796,-0.9257771947081463,1.7840760455588756,0.1698479950428009,0.18745429813861847,0.1858542561531067,0.2980569303035736,0.3168213367462158,0.02574886176146013,2,0.9905984772989729,False,1,8,42,elu,0.005,1,l2,0.0,flowers32,all,sgd,1.0
exp_b_T1_flowers32_r8_s42_a149_elu_lr0.02.pth,lora,0.46175068616867065,0.47669196128845215,0.5027911067008972,0.5062535405158997,0.6463707089424133,2983.13818359375,21.10731315612793,0.31591796875,-0.9509277667291297,1.8269999607189575,0.16580519080162048,0.18366290628910065,0.1887383610010147,0.29594549536705017,0.3140527456998825,0.10299544704584052,2,0.8728933903936347,False,1,8,42,elu,0.02,1,l2,0.0,flowers32,all,sgd,1.0
exp_b_T1_flowers32_r8_s42_a149_elu_lr0.05.pth,lora,0.4508151710033417,0.4784952998161316,0.5421656966209412,0.5447424054145813,0.6463707089424133,1791.799072265625,26.787647247314453,0.4716796875,-0.9509723536371274,1.8294098141934363,0.17885683476924896,0.20484493672847748,0.25246739387512207,0.2719583362340927,0.2896983027458191,0.2574886176146013,2,0.5666228420195438,False,1,8,42,elu,0.05,1,l2,0.0,flowers32,all,sgd,1.0
exp_b_T1_flowers32_r8_s42_a149_gelu.pth,lora,0.04884592816233635,0.06036337465047836,0.14028799533843994,0.11664648354053497,0.6463707089424133,4883.48388671875,34.97258377075195,0.5867512822151184,-0.9352948391933367,1.8294128262544256,0.05570700392127037,0.07616820186376572,0.11958760023117065,-0.006861075758934021,0.020700395107269287,0.02689453471249227,2,0.9760206243429763,False,1,8,42,gelu,0.01,1,l2,0.0,flowers32,all,sgd,1.0
exp_b_T1_flowers32_r8_s42_a149_gelu_lr0.005.pth,lora,0.05015816539525986,0.06275126338005066,0.14049214124679565,0.11766742169857025,0.6463707089424133,4845.1279296875,34.59733963012695,0.5763346552848816,-0.9352942802269408,1.829411823275398,0.05425712838768959,0.0749029666185379,0.11570536345243454,-0.004098962992429733,0.024786777794361115,0.013447267356246136,2,0.9938171689239489,False,1,8,42,gelu,0.005,1,l2,0.0,flowers32,all,sgd,1.0
exp_b_T1_flowers32_r8_s42_a149_gelu_lr0.02.pth,lora,0.048783574253320694,0.060544777661561966,0.1414051204919815,0.11770232021808624,0.6463707089424133,4889.736328125,35.012386322021484,0.5888671875,-0.935296824071707,1.8294160119166802,0.05656937509775162,0.07749342918395996,0.1217489168047905,-0.0077858008444309235,0.01965620368719101,0.05378906942498454,2,0.914405075193055,False,1,8,42,gelu,0.02,1,l2,0.0,flowers32,all,sgd,1.0
exp_b_T1_flowers32_r8_s42_a149_gelu_lr0.05.pth,lora,0.04882447421550751,0.06050823628902435,0.14117279648780823,0.11743834614753723,0.6463707089424133,4888.38671875,35.01255416870117,0.5891926884651184,-0.9353108628215412,1.8294381244124558,0.05636172741651535,0.07718096673488617,0.12120331823825836,-0.007537253201007843,0.019969478249549866,0.13447267356246134,2,0.6860568287406095,False,1,8,42,gelu,0.05,1,l2,0.0,flowers32,all,sgd,1.0
exp_b_T1_flowers32_r8_s42_a149_gelu_npc16_vw5.pth,lora,0.04677010327577591,0.03837251663208008,0.08854170143604279,0.05657880753278732,0.2893781363964081,5995.25537109375,41.865962982177734,0.6558634638786316,-0.8738971062547091,1.768382479795958,0.036476463079452515,0.02215997315943241,0.07687561213970184,0.010293640196323395,0.011666089296340942,0.01771975028105757,8,0.9981154624692719,False,1,8,42,gelu,0.01,16,l2,0.0,flowers32,all,sgd,5.0
exp_b_T1_flowers32_r8_s42_a149_gelu_npc2_vw5.pth,lora,0.032185640186071396,0.03291555121541023,0.09060709178447723,0.05783458799123764,0.447726309299469,6088.0224609375,45.16114807128906,0.7354329228401184,-0.9529414321027141,1.8882356866567271,0.024151554331183434,0.02290378324687481,0.07313147932291031,0.008034085854887962,0.017475612461566925,0.030037798548777663,4,0.9863273863011268,False,1,8,42,gelu,0.01,2,l2,0.0,flowers32,all,sgd,5.0
exp_b_T1_flowers32_r8_s42_a149_gelu_npc32_vw5.pth,lora,0.05060369148850441,0.0407588891685009,0.0897567942738533,0.06059166043996811,0.2668246328830719,6026.63671875,40.16187286376953,0.6103413701057434,-0.8363357975341016,1.7071078642764967,0.042531125247478485,0.02611909620463848,0.07848930358886719,0.008072566241025925,0.011267490684986115,0.012231322893228494,8,0.9993927588595595,False,1,8,42,gelu,0.01,32,l2,0.0,flowers32,all,sgd,5.0
exp_b_T1_flowers32_r8_s42_a149_gelu_npc4_vw5.pth,lora,0.05291735380887985,0.0658702403306961,0.10747600346803665,0.08823728561401367,0.31360599398612976,5707.47216796875,46.47395324707031,0.7835286259651184,-0.931863613496537,1.8362745946324743,0.023352419957518578,0.005761540494859219,0.08513423055410385,0.029564933851361275,0.0223417729139328,0.040262165795833985,8,0.9718088290651159,False,1,8,42,gelu,0.01,4,l2,0.0,flowers32,all,sgd,5.0
exp_b_T1_flowers32_r8_s42_a149_gelu_npc8_vw5.pth,lora,0.039217907935380936,0.03349563851952553,0.09820211678743362,0.05851338431239128,0.2723318636417389,5878.9560546875,44.4324836730957,0.71600341796875,-0.8931375363449372,1.7933824529093674,0.020774688571691513,0.008293586783111095,0.07753802835941315,0.018443219363689423,0.020664088428020477,0.02919466691869516,8,0.9913329466662586,False,1,8,42,gelu,0.01,8,l2,0.0,flowers32,all,sgd,5.0
exp_b_T1_flowers32_r8_s42_a149_gelu_tanh.pth,lora,0.04885220155119896,0.06033479422330856,0.14032882452011108,0.11665620654821396,0.6463707089424133,4884.77490234375,34.96827697753906,0.5869140625,-0.9352947845230517,1.8294128624292323,0.05577358603477478,0.07622802257537842,0.11972954124212265,-0.006921384483575821,0.020599283277988434,0.02689449078582,2,0.9760231815373774,False,1,8,42,gelu_tanh,0.01,1,l2,0.0,flowers32,all,sgd,1.0
exp_b_T1_flowers32_r8_s42_a149_gelu_tanh_lr0.005.pth,lora,0.05059206485748291,0.06357043236494064,0.14071308076381683,0.1181037575006485,0.6463707089424133,4831.1064453125,34.46432113647461,0.5732421875,-0.9352940827611349,1.8294120422351678,0.05361177772283554,0.07444709539413452,0.11436910182237625,-0.0030197128653526306,0.026343978941440582,0.01344724539291,2,0.993817626039311,False,1,8,42,gelu_tanh,0.005,1,l2,0.0,flowers32,all,sgd,1.0
exp_b_T1_flowers32_r8_s42_a149_gelu_tanh_lr0.02.pth,lora,0.04875436797738075,0.06039610877633095,0.14125597476959229,0.11743621528148651,0.6463707089424133,4890.470703125,35.02228927612305,0.5890299677848816,-0.9352968252780838,1.8294159821143763,0.05647826939821243,0.0773177295923233,0.12148842215538025,-0.00772390142083168,0.019767552614212036,0.05378898157163999,2,0.9144230501093937,False,1,8,42,gelu_tanh,0.02,1,l2,0.0,flowers32,all,sgd,1.0
exp_b_T1_flowers32_r8_s42_a149_gelu_tanh_lr0.05.pth,lora,0.048815157264471054,0.06048514321446419,0.141163170337677,0.11739648878574371,0.6463707089424133,4888.59375,35.008697509765625,0.5888671875,-0.9353108666583883,1.8294381482631925,0.05634020268917084,0.07715869694948196,0.12117432057857513,-0.007525045424699783,0.019988849759101868,0.1344724539291,2,0.6861535526828025,False,1,8,42,gelu_tanh,0.05,1,l2,0.0,flowers32,all,sgd,1.0
exp_b_T1_flowers32_r8_s42_a149_gelu_vw5.pth,lora,0.04910476133227348,0.06098150834441185,0.14035998284816742,0.11699239909648895,0.6463707089424133,4875.14453125,34.885860443115234,0.58544921875,-0.9352942425996382,1.829411963157134,0.05533766746520996,0.07595452666282654,0.11875922232866287,-0.006232906132936478,0.021600760519504547,0.02689453471249227,2,0.9760206243429763,False,1,8,42,gelu,0.01,1,l2,0.0,flowers32,all,sgd,5.0
exp_b_T1_flowers32_r8_s42_a149_hardswish.pth,lora,0.05243450775742531,0.051867008209228516,0.15243303775787354,0.11328968405723572,0.6463707089424133,5201.0615234375,33.04927444458008,0.5616862177848816,-0.9352954408058256,1.8333325289111395,0.0607919842004776,0.07836264371871948,0.1378760039806366,-0.008357476443052292,0.014557033777236938,0.02624388006969955,2,0.989497775009032,False,1,8,42,hardswish,0.01,1,l2,0.0,flowers32,all,sgd,1.0
exp_b_T1_flowers32_r8_s42_a149_hardswish_lr0.005.pth,lora,0.05820780247449875,0.062272753566503525,0.1590656191110611,0.12391482293605804,0.6463707089424133,5139.9775390625,31.232513427734375,0.52783203125,-0.9352841851781478,1.829409442174604,0.06604987382888794,0.08523419499397278,0.14280909299850464,-0.00784207135438919,0.016256526112556458,0.013121940034849774,2,0.9973492731801687,False,1,8,42,hardswish,0.005,1,l2,0.0,flowers32,all,sgd,1.0
exp_b_T1_flowers32_r8_s42_a149_hardswish_lr0.02.pth,lora,0.05114838480949402,0.04933327063918114,0.15067611634731293,0.11045456677675247,0.6463707089424133,5215.01318359375,33.522640228271484,0.5696614384651184,-0.9352995163192304,1.8333298207194602,0.059456147253513336,0.07645141333341599,0.13642220199108124,-0.008307762444019318,0.01425391435623169,0.0524877601393991,2,0.9595373930306281,False,1,8,42,hardswish,0.02,1,l2,0.0,flowers32,all,sgd,1.0
exp_b_T1_flowers32_r8_s42_a149_hardswish_lr0.05.pth,lora,0.05099388211965561,0.04911704361438751,0.15038497745990753,0.11018624901771545,0.6463707089424133,5215.7783203125,33.569236755371094,0.56982421875,-0.935327473974906,1.8333382797274829,0.05929344519972801,0.07626333087682724,0.13615542650222778,-0.008299563080072403,0.014229550957679749,0.13121940034849777,2,0.7981323550414848,False,1,8,42,hardswish,0.05,1,l2,0.0,flowers32,all,sgd,1.0
exp_b_T1_flowers32_r8_s42_a149_leaky_relu.pth,lora,0.6903944611549377,0.7147780656814575,0.6863406896591187,0.7185903191566467,0.6463707089424133,2529.81982421875,5.523700714111328,0.00032552084303461015,-0.012852822738006559,0.9328720894098185,0.42199158668518066,0.4464750289916992,0.39428308606147766,0.2684028744697571,0.292057603597641,0.03570921068818085,2,0.6696368515592077,False,1,8,42,leaky_relu,0.01,1,l2,0.0,flowers32,all,sgd,1.0
exp_b_T1_flowers32_r8_s42_a149_leaky_relu_lr0.005.pth,lora,0.7486119866371155,0.7714426517486572,0.7455379366874695,0.7738984227180481,0.6463707089424133,1543.4251708984375,4.669402122497559,0.00032552084303461015,-0.006544041419053792,0.9240909209536129,0.45586371421813965,0.48199892044067383,0.43056750297546387,0.29274827241897583,0.3149704337120056,0.017854605344090425,2,0.7678351922908562,False,1,8,42,leaky_relu,0.005,1,l2,0.0,flowers32,all,sgd,1.0
exp_b_T1_flowers32_r8_s42_a149_leaky_relu_lr0.02.pth,lora,0.6862877011299133,0.7104268074035645,0.6819456815719604,0.7139979600906372,0.6463707089424133,2702.72216796875,5.5879292488098145,0.00032552084303461015,-0.012683434853625816,0.9322459120011606,0.4183560311794281,0.44239306449890137,0.39078453183174133,0.26793166995048523,0.2911611497402191,0.0714184213763617,2,0.5819358311300796,False,1,8,42,leaky_relu,0.02,1,l2,0.0,flowers32,all,sgd,1.0
exp_b_T1_flowers32_r8_s42_a149_leaky_relu_lr0.05.pth,lora,0.6948256492614746,0.7182431221008301,0.6908878087997437,0.7212529182434082,0.6463707089424133,2734.692626953125,5.457630634307861,0.00032552084303461015,-0.012873471022305058,0.9325812349097105,0.419075071811676,0.44337648153305054,0.39204221963882446,0.2757505774497986,0.2988455891609192,0.17854605344090427,2,0.43161502314436595,False,1,8,42,leaky_relu,0.05,1,l2,0.0,flowers32,all,sgd,1.0
exp_b_T1_flowers32_r8_s42_a149_mish.pth,lora,0.08988966047763824,0.10406174510717392,0.1858445703983307,0.16549044847488403,0.6463707089424133,4893.53759765625,30.262407302856445,0.5359700322151184,-0.9352956148564855,1.8294130124547705,0.07912661880254745,0.10616587102413177,0.15228889882564545,0.01076304167509079,0.03355567157268524,0.03225945011625983,2,0.9778262512830664,False,1,8,42,mish,0.01,1,l2,0.0,flowers32,all,sgd,1.0
exp_b_T1_flowers32_r8_s42_a149_mish_lr0.005.pth,lora,0.09535452723503113,0.11332634091377258,0.19200259447097778,0.17517198622226715,0.6463707089424133,4840.138671875,29.26791763305664,0.5182291865348816,-0.935294812421156,1.8294120456766385,0.08276267349720001,0.11148016899824142,0.1568998098373413,0.012591853737831116,0.035102784633636475,0.016129725058129915,2,0.9943140383238535,False,1,8,42,mish,0.005,1,l2,0.0,flowers32,all,sgd,1.0
exp_b_T1_flowers32_r8_s42_a149_mish_lr0.02.pth,lora,0.08877600729465485,0.1022167056798935,0.18454518914222717,0.16357937455177307,0.6463707089424133,4903.970703125,30.462175369262695,0.54052734375,-0.9353001515090713,1.8332732132103686,0.07832242548465729,0.10507254302501678,0.15135520696640015,0.010453581809997559,0.033189982175827026,0.06451890023251966,2,0.9193393775220327,False,1,8,42,mish,0.02,1,l2,0.0,flowers32,all,sgd,1.0
exp_b_T1_flowers32_r8_s42_a149_mish_lr0.05.pth,lora,0.08900181949138641,0.10274180769920349,0.18482929468154907,0.1641429364681244,0.6463707089424133,4901.416015625,30.389053344726562,0.5390625,-0.935331971850095,1.8294432368170124,0.07866589725017548,0.10550899803638458,0.15172962844371796,0.010335922241210938,0.033099666237831116,0.16129725058129915,2,0.6831385568253461,False,1,8,42,mish,0.05,1,l2,0.0,flowers32,all,sgd,1.0
exp_b_T1_flowers32_r8_s42_a149_relu.pth,lora,0.7097846269607544,0.7342402935028076,0.7062631249427795,0.7372565269470215,0.6463707089424133,2301.47509765625,5.202942371368408,0.00032552084303461015,-0.012855211460997759,0.9333225561655036,0.42927199602127075,0.45523977279663086,0.40277478098869324,0.28051263093948364,0.3034883439540863,0.0355765324950315,2,0.6650748799100954,False,1,8,42,relu,0.01,1,l2,0.0,flowers32,all,sgd,1.0
exp_b_T1_flowers32_r8_s42_a149_relu_lr0.005.pth,lora,0.6988600492477417,0.7228469848632812,0.6950081586837769,0.7260589003562927,0.6463707089424133,2531.65283203125,5.3899006843566895,0.00032552084303461015,-0.012704737609503344,0.9326401538660753,0.42346328496932983,0.4483339190483093,0.39639854431152344,0.27539676427841187,0.2986096143722534,0.01778826624751575,2,0.7644084695294434,False,1,8,42,relu,0.005,1,l2,0.0,flowers32,all,sgd,1.0
exp_b_T1_flowers32_r8_s42_a149_relu_lr0.02.pth,lora,0.7015169858932495,0.7250553369522095,0.6976414322853088,0.727971076965332,0.6463707089424133,2565.25341796875,5.354152202606201,0.00032552084303461015,-0.012141283209868306,0.9315343125427323,0.42373478412628174,0.4484458565711975,0.3968096375465393,0.2777822017669678,0.30083179473876953,0.071153064990063,2,0.574551816178768,False,1,8,42,relu,0.02,1,l2,0.0,flowers32,all,sgd,1.0
exp_b_T1_flowers32_r8_s42_a149_relu_lr0.05.pth,lora,0.7182310819625854,0.7408137321472168,0.7146679759025574,0.742370069026947,0.6463707089424133,2566.09619140625,5.056503772735596,0.00032552084303461015,-0.01236163568873161,0.9319031293778005,0.42611780762672424,0.45177173614501953,0.4007995128631592,0.2921132743358612,0.3138684630393982,0.17788266247515752,2,0.43003318802197066,False,1,8,42,relu,0.05,1,l2,0.0,flowers32,all,sgd,1.0
exp_b_T1_flowers32_r8_s42_a149_selu.pth,lora,0.6972357034683228,0.7203314900398254,0.6929601430892944,0.7219633460044861,0.6463707089424133,3145.925537109375,5.36208963394165,0.00032552084303461015,-0.01437167557559374,0.9353100593291074,0.4130304455757141,0.43758803606033325,0.3894786834716797,0.28420525789260864,0.30348145961761475,0.07896841006497611,2,0.8915882201905942,False,1,8,42,selu,0.01,1,l2,0.0,flowers32,all,sgd,1.0
exp_b_T1_flowers32_r8_s42_a149_selu_lr0.005.pth,lora,0.7108887434005737,0.7324591875076294,0.7061276435852051,0.7321109771728516,0.6463707089424133,3150.936279296875,5.090707778930664,0.00032552084303461015,-0.014372128972399714,0.9353144360321732,0.4142172932624817,0.4402816891670227,0.3915976583957672,0.29667145013809204,0.31452998518943787,0.039484205032488055,2,0.9444395599993273,False,1,8,42,selu,0.005,1,l2,0.0,flowers32,all,sgd,1.0
exp_b_T1_flowers32_r8_s42_a149_selu_lr0.02.pth,lora,0.6935690641403198,0.7215678691864014,0.6863193511962891,0.7199404835700989,0.6463707089424133,3217.6748046875,5.182738304138184,0.00032552084303461015,-0.014373081502293772,0.9353125327046947,0.4081162214279175,0.4372730255126953,0.3837297558784485,0.28545284271240234,0.3025895953178406,0.15793682012995222,2,0.7375973897240244,False,1,8,42,selu,0.02,1,l2,0.0,flowers32,all,sgd,1.0
exp_b_T1_flowers32_r8_s42_a149_selu_lr0.05.pth,lora,0.6935690641403198,0.7215678691864014,0.6863193511962891,0.7199404835700989,0.6463707089424133,3217.6748046875,5.182738304138184,0.00032552084303461015,-0.01437308150229348,0.9353125327046892,0.4081162214279175,0.4372730255126953,0.3837297558784485,0.28545284271240234,0.3025895953178406,0.3948420503248806,2,0.3950297315408644,False,1,8,42,selu,0.05,1,l2,0.0,flowers32,all,sgd,1.0
exp_b_T1_flowers32_r8_s42_a149_sigmoid.pth,lora,0.6223751306533813,0.674533486366272,0.6126531362533569,0.6710762977600098,0.6463707089424133,3247.656494140625,5.350180625915527,0.0021158854942768812,-0.07609524056386138,0.9265188569880995,0.37218165397644043,0.41550666093826294,0.3509312868118286,0.2501934766769409,0.2617218494415283,0.01649837960451268,2,0.9984158365905953,False,1,8,42,sigmoid,0.01,1,l2,0.0,flowers32,all,sgd,1.0
exp_b_T1_flowers32_r8_s42_a149_sigmoid_lr0.005.pth,lora,0.6545386910438538,0.6999601125717163,0.6431583166122437,0.695123553276062,0.6463707089424133,3092.315673828125,5.21339750289917,0.00048828125,-0.014779826707936997,0.9317227438981607,0.4001792073249817,0.4379563331604004,0.3764554262161255,0.25435948371887207,0.26670289039611816,0.00824918980225634,2,0.999601240866486,True,1,8,42,sigmoid,0.005,1,l2,0.0,flowers32,all,sgd,1.0
exp_b_T1_flowers32_r8_s42_a149_sigmoid_lr0.02.pth,lora,0.6228795647621155,0.674909234046936,0.6130630373954773,0.6713807582855225,0.6463707089424133,3250.905029296875,5.349913597106934,0.001953125,-0.07408192652286402,0.9265721615065058,0.37298163771629333,0.4161425232887268,0.3517354726791382,0.24989792704582214,0.2613275647163391,0.03299675920902536,2,0.9938376220349714,False,1,8,42,sigmoid,0.02,1,l2,0.0,flowers32,all,sgd,1.0
exp_b_T1_flowers32_r8_s42_a149_sigmoid_lr0.05.pth,lora,0.3093937933444977,0.36002418398857117,0.39942073822021484,0.42600110173225403,0.6463707089424133,3027.1162109375,27.16547393798828,0.4651692807674408,-0.9509804052275799,1.83333377610299,0.14584441483020782,0.18791642785072327,0.22831127047538757,0.16354937851428986,0.17110946774482727,0.0824918980225634,2,0.9672486278339993,False,1,8,42,sigmoid,0.05,1,l2,0.0,flowers32,all,sgd,1.0
exp_b_T1_flowers32_r8_s42_a149_silu.pth,lora,0.04726920276880264,0.049746640026569366,0.14302724599838257,0.10744693875312805,0.6463707089424133,5107.611328125,34.11819076538086,0.5773112177848816,-0.9352945051311683,1.8319458959194983,0.05781906098127365,0.07605212926864624,0.12875209748744965,-0.010549858212471008,0.014275148510932922,0.026466559826725765,2,0.9857957387672605,False,1,8,42,silu,0.01,1,l2,0.0,flowers32,all,sgd,1.0
exp_b_T1_flowers32_r8_s42_a149_silu_lr0.005.pth,lora,0.05107175186276436,0.056868720799684525,0.14715155959129333,0.11487920582294464,0.6463707089424133,5052.5185546875,32.76622009277344,0.5515950322151184,-0.9352944144187312,1.829412018809739,0.05990934371948242,0.07966858148574829,0.13020764291286469,-0.008837591856718063,0.01694391667842865,0.013233279913362882,2,0.9963939851029533,False,1,8,42,silu,0.005,1,l2,0.0,flowers32,all,sgd,1.0
exp_b_T1_flowers32_r8_s42_a149_silu_lr0.02.pth,lora,0.046709608286619186,0.04864093288779259,0.14239801466464996,0.10628283023834229,0.6463707089424133,5115.94970703125,34.34495162963867,0.5828450322151184,-0.9352985201475263,1.8333330848562337,0.05743860453367233,0.0753808468580246,0.12848427891731262,-0.010728996247053146,0.013913735747337341,0.05293311965345153,2,0.9464542746584337,False,1,8,42,silu,0.02,1,l2,0.0,flowers32,all,sgd,1.0
exp_b_T1_flowers32_r8_s42_a149_silu_lr0.05.pth,lora,0.046614065766334534,0.048596423119306564,0.14229929447174072,0.10620561987161636,0.6463707089424133,5115.732421875,34.35688781738281,0.58251953125,-0.9353218186971886,1.8333375432166759,0.05730430781841278,0.07529231160879135,0.12828485667705536,-0.010690242052078247,0.014014437794685364,0.13233279913362883,2,0.7589012159611885,False,1,8,42,silu,0.05,1,l2,0.0,flowers32,all,sgd,1.0
exp_b_T1_flowers32_r8_s42_a149_softplus.pth,lora,0.6883454322814941,0.7178649306297302,0.6809675693511963,0.7155624032020569,0.6463707089424133,3283.445556640625,5.169172286987305,0.00032552084303461015,-0.01437702485472217,0.9353174037447213,0.4099040925502777,0.4385683536529541,0.3860744833946228,0.27844133973121643,0.2948930859565735,0.11423708002007947,1,0.9226198417192711,False,1,8,42,softplus,0.01,1,l2,0.0,flowers32,all,sgd,1.0
exp_b_T1_flowers32_r8_s42_a149_softplus_adamw.pth,lora,0.33371466398239136,0.3724183440208435,0.38518208265304565,0.4112480878829956,0.6463707089424133,4379.64306640625,21.907787322998047,0.29638671875,-0.9255353911524296,1.812033737469364,0.30440467596054077,0.335794597864151,0.30668991804122925,0.029309988021850586,0.0784921646118164,0.5972489544045978,2,0.5672864268495625,False,1,8,42,softplus,0.01,1,l2,0.0,flowers32,all,adamw,1.0
exp_b_T1_flowers32_r8_s42_a149_softplus_cosine.pth,lora,0.6914892196655273,0.7295626401901245,0.6906284093856812,0.7273383140563965,0.6463707089424133,3210.120361328125,4.51199197769165,0.00032552084303461015,-0.014375934700231158,0.9552452927683169,0.4050176739692688,0.4389609694480896,0.38962700963020325,0.28647154569625854,0.3010013997554779,0.11423708002007947,1,0.9226198417192711,False,1,8,42,softplus,0.01,1,cosine,0.0,flowers32,all,sgd,1.0
exp_b_T1_flowers32_r8_s42_a149_softplus_cosine_adamw.pth,lora,0.32936546206474304,0.36472997069358826,0.3806144893169403,0.4033999443054199,0.6463707089424133,4388.841796875,23.228134155273438,0.3282877504825592,-0.9313740647429818,1.823531608772409,0.30389946699142456,0.3323194682598114,0.3065735399723053,0.02546599507331848,0.07404094934463501,0.5972489544045978,2,0.5672864268495625,False,1,8,42,softplus,0.01,1,cosine,0.0,flowers32,all,adamw,1.0
exp_b_T1_flowers32_r8_s42_a149_softplus_lr0.005.pth,lora,0.68833327293396,0.7178503274917603,0.6809554100036621,0.7155494689941406,0.6463707089424133,3283.528564453125,5.169528484344482,0.00032552084303461015,-0.014377042950398267,0.9353173323143457,0.40990352630615234,0.43856704235076904,0.3860684633255005,0.2784297466278076,0.2948869466781616,0.057118540010039735,1,0.9797889472254614,False,1,8,42,softplus,0.005,1,l2,0.0,flowers32,all,sgd,1.0
exp_b_T1_flowers32_r8_s42_a149_softplus_lr0.02.pth,lora,0.6883420944213867,0.7178633809089661,0.6809639930725098,0.7155604958534241,0.6463707089424133,3283.4697265625,5.1691718101501465,0.00032552084303461015,-0.014376774215042326,0.9353177999108858,0.40990298986434937,0.438568115234375,0.3860737681388855,0.27843910455703735,0.29489022493362427,0.22847416004015894,1,0.7698720839263975,False,1,8,42,softplus,0.02,1,l2,0.0,flowers32,all,sgd,1.0
exp_b_T1_flowers32_r8_s42_a149_softplus_lr0.05.pth,lora,0.6883420944213867,0.7178633809089661,0.6809639930725098,0.7155604958534241,0.6463707089424133,3283.4697265625,5.1691718101501465,0.00032552084303461015,-0.014376774215042326,0.9353177999108858,0.40990298986434937,0.438568115234375,0.3860737681388855,0.27843910455703735,0.29489022493362427,0.5711854001003974,1,0.4819546140236724,False,1,8,42,softplus,0.05,1,l2,0.0,flowers32,all,sgd,1.0
exp_b_T1_flowers32_r8_s42_a149_softplus_novel.pth,lora,0.44309812784194946,0.48762404918670654,0.5149656534194946,0.5331026315689087,0.5915546417236328,1554.07568359375,24.466453552246094,0.4288736879825592,-0.9725435878305524,1.8862741915611314,0.09241234511137009,0.047600485384464264,0.15932990610599518,0.3506857827305794,0.35563574731349945,0.1350845261245423,2,0.8939663330807461,False,1,8,42,softplus,0.01,1,l2,0.0,flowers32,novel,sgd,1.0
exp_b_T1_flowers32_r8_s42_a149_softplus_npc2.pth,lora,0.18518751859664917,0.1912439912557602,0.20513790845870972,0.20240584015846252,0.447726309299469,6074.17626953125,25.533767700195312,0.3382161557674408,-0.9529487704408803,1.8843163923216524,0.1374296098947525,0.1369095742702484,0.1296839714050293,0.04775790870189667,0.07545393705368042,0.10900580856415196,3,0.9360697810212009,False,1,8,42,softplus,0.01,2,l2,0.0,flowers32,all,sgd,1.0
exp_b_T1_flowers32_r8_s42_a149_softplus_npc4_vw5.pth,lora,0.10149817913770676,0.09544296562671661,0.11933545768260956,0.10867292433977127,0.31360599398612976,6242.7119140625,33.17700958251953,0.4670816957950592,-0.9323532174380114,1.8362747641492776,0.08442062139511108,0.06834011524915695,0.10510605573654175,0.017077557742595673,0.01422940194606781,0.10569654958416441,6,0.947255460654316,False,1,8,42,softplus,0.01,4,l2,0.0,flowers32,all,sgd,5.0
exp_b_T1_flowers32_r8_s42_a149_softplus_npc8_vw5.pth,lora,0.10649655014276505,0.0944308489561081,0.12062500417232513,0.10606080293655396,0.2723318636417389,6004.9541015625,30.649810791015625,0.4153035581111908,-0.8926471192177422,1.7933823833218394,0.0836549624800682,0.06260254234075546,0.09182000905275345,0.02284158766269684,0.028804995119571686,0.09210149631974636,8,0.9612363413599556,False,1,8,42,softplus,0.01,8,l2,0.0,flowers32,all,sgd,5.0
exp_b_T1_flowers32_r8_s42_a149_softplus_seen.pth,lora,0.6902873516082764,0.716454803943634,0.6835043430328369,0.7153587341308594,0.6463707089424133,3251.246826171875,5.294415473937988,0.00032552084303461015,-0.014377173091019588,0.9353171384104174,0.4106781482696533,0.43765878677368164,0.3859925866127014,0.27960920333862305,0.2975117564201355,0.11317080099454147,1,0.9213560002865202,False,1,8,42,softplus,0.01,1,l2,0.0,flowers32,seen,sgd,1.0
exp_b_T1_flowers32_r8_s42_a149_tanh.pth,lora,0.4696824550628662,0.492684543132782,0.5564454793930054,0.5665808916091919,0.6463707089424133,1721.8251953125,26.416698455810547,0.4620768129825592,-0.9509817522406783,1.8274516200948805,0.1868981570005417,0.2113322764635086,0.2533099353313446,0.2827842980623245,0.30313554406166077,0.05667293195347527,2,0.9618953260008789,False,1,8,42,tanh,0.01,1,l2,0.0,flowers32,all,sgd,1.0
exp_b_T1_flowers32_r8_s42_a149_tanh_lr0.005.pth,lora,0.7121845483779907,0.7328437566757202,0.7088028192520142,0.7339200377464294,0.6463707089424133,3031.885986328125,5.164789199829102,0.00032552084303461015,-0.014296551897225257,0.935009596547391,0.41618525981903076,0.4407150447368622,0.39099276065826416,0.29599928855895996,0.31781005859375,0.028336465976737633,2,0.9906692121589364,False,1,8,42,tanh,0.005,1,l2,0.0,flowers32,all,sgd,1.0
exp_b_T1_flowers32_r8_s42_a149_tanh_lr0.02.pth,lora,0.4676392078399658,0.4908040463924408,0.5531340837478638,0.5631752014160156,0.6463707089424133,1752.276123046875,27.335737228393555,0.4860025942325592,-0.9509826635917635,1.827453152161794,0.18541820347309113,0.20977957546710968,0.2505542039871216,0.2822210043668747,0.3025798797607422,0.11334586390695053,2,0.8487399589504913,False,1,8,42,tanh,0.02,1,l2,0.0,flowers32,all,sgd,1.0
exp_b_T1_flowers32_r8_s42_a149_tanh_lr0.05.pth,lora,0.4670301079750061,0.48920950293540955,0.5516567826271057,0.5594918727874756,0.6463707089424133,1736.0234375,27.607267379760742,0.4899088442325592,-0.9509908485050831,1.8274598936623088,0.18528936803340912,0.20873233675956726,0.24961113929748535,0.281740739941597,0.30204564332962036,0.28336465976737635,2,0.46173914556080387,False,1,8,42,tanh,0.05,1,l2,0.0,flowers32,all,sgd,1.0
exp_b_T1_flowers64_r8_s42_a149_celu.pth,lora,0.0901811346411705,0.08192993700504303,0.23248183727264404,0.17194053530693054,0.6624951958656311,22719.669921875,60.521888732910156,0.5402018427848816,-0.9584555914542162,1.858824981340143,0.08463452011346817,0.08802253752946854,0.18878263235092163,0.0055466145277023315,0.04369920492172241,0.028484348873098746,2,0.9770699075300325,False,1,8,42,celu,0.01,1,l2,0.0,flowers64,all,sgd,1.0
exp_b_T1_flowers64_r8_s42_a149_celu_lr0.005.pth,lora,0.09446452558040619,0.0836166962981224,0.23022162914276123,0.17240500450134277,0.6624951958656311,22686.59765625,59.266719818115234,0.5201416015625,-0.9509779550729277,1.8588203583772285,0.08751817047595978,0.08880770951509476,0.1901315301656723,0.006946355104446411,0.04009009897708893,0.014242174436549373,2,0.9938019193732035,False,1,8,42,celu,0.005,1,l2,0.0,flowers64,all,sgd,1.0
exp_b_T1_flowers64_r8_s42_a149_celu_lr0.02.pth,lora,0.0918990820646286,0.07899895310401917,0.22695985436439514,0.16612480580806732,0.6624951958656311,22766.361328125,60.55668640136719,0.5333659052848816,-0.9509817872262418,1.8588257603840144,0.08380840718746185,0.0836750939488411,0.18485771119594574,0.008090674877166748,0.0421021431684494,0.05696869774619749,2,0.9198330601320313,False,1,8,42,celu,0.02,1,l2,0.0,flowers64,all,sgd,1.0
exp_b_T1_flowers64_r8_s42_a149_elu.pth,lora,0.0901811346411705,0.08192993700504303,0.23248183727264404,0.17194053530693054,0.6624951958656311,22719.669921875,60.521888732910156,0.5402018427848816,-0.9584555914542162,1.858824981340143,0.08463452011346817,0.08802253752946854,0.18878263235092163,0.0055466145277023315,0.04369920492172241,0.028484348873098746,2,0.9770699075300325,False,1,8,42,elu,0.01,1,l2,0.0,flowers64,all,sgd,1.0
exp_b_T1_flowers64_r8_s42_a149_elu_lr0.005.pth,lora,0.09446452558040619,0.0836166962981224,0.23022162914276123,0.17240500450134277,0.6624951958656311,22686.59765625,59.266719818115234,0.5201416015625,-0.9509779550729277,1.8588203583772285,0.08751817047595978,0.08880770951509476,0.1901315301656723,0.006946355104446411,0.04009009897708893,0.014242174436549373,2,0.9938019193732035,False,1,8,42,elu,0.005,1,l2,0.0,flowers64,all,sgd,1.0
exp_b_T1_flowers64_r8_s42_a149_elu_lr0.02.pth,lora,0.0918990820646286,0.07899895310401917,0.22695985436439514,0.16612480580806732,0.6624951958656311,22766.361328125,60.55668640136719,0.5333659052848816,-0.9509817872262418,1.8588257603840144,0.08380840718746185,0.0836750939488411,0.18485771119594574,0.008090674877166748,0.0421021431684494,0.05696869774619749,2,0.9198330601320313,False,1,8,42,elu,0.02,1,l2,0.0,flowers64,all,sgd,1.0
exp_b_T1_flowers64_r8_s42_a149_gelu.pth,lora,0.04770509526133537,0.031147204339504242,0.1348557025194168,0.07131272554397583,0.6624951958656311,20807.19140625,88.51526641845703,0.7509765625,-0.9509813303569563,1.850982318750682,0.030293334275484085,0.009599853307008743,0.07628040015697479,0.017411760985851288,0.05857530236244202,0.026165632434084513,2,0.9401716817276082,False,1,8,42,gelu,0.01,1,l2,0.0,flowers64,all,sgd,1.0
exp_b_T1_flowers64_r8_s42_a149_gelu_lr0.005.pth,lora,0.048817723989486694,0.034056153148412704,0.137293741106987,0.07595563679933548,0.6624951958656311,20712.298828125,86.62290954589844,0.7287190556526184,-0.9509806105954115,1.8509804518296016,0.03126596286892891,0.011902784928679466,0.0784962922334671,0.017551761120557785,0.0587974488735199,0.013082816217042256,2,0.983415494919599,False,1,8,42,gelu,0.005,1,l2,0.0,flowers64,all,sgd,1.0
exp_b_T1_flowers64_r8_s42_a149_gelu_lr0.02.pth,lora,0.04737522080540657,0.03025318868458271,0.1342032253742218,0.0698137953877449,0.6624951958656311,20841.328125,89.00381469726562,0.7559407353401184,-0.9509843431274143,1.8509821267673798,0.029764538630843163,0.008505627512931824,0.07516638934612274,0.017610682174563408,0.05903683602809906,0.052331264868169025,2,0.8250392403856597,False,1,8,42,gelu,0.02,1,l2,0.0,flowers64,all,sgd,1.0
exp_b_T1_flowers64_r8_s42_a149_gelu_tanh.pth,lora,0.04763791710138321,0.030974527820944786,0.13473740220069885,0.0710320696234703,0.6624951958656311,20813.734375,88.62498474121094,0.7517903447151184,-0.9509813660524808,1.8509808152903404,0.03023436665534973,0.009470788761973381,0.07616240531206131,0.017403550446033478,0.05857499688863754,0.026165388203729434,2,0.9401909531485002,False,1,8,42,gelu_tanh,0.01,1,l2,0.0,flowers64,all,sgd,1.0
exp_b_T1_flowers64_r8_s42_a149_gelu_tanh_lr0.005.pth,lora,0.048658337444067,0.033604513853788376,0.13691739737987518,0.07526148110628128,0.6624951958656311,20725.19140625,86.9682388305664,0.7332356572151184,-0.9509808333525884,1.8509805024439765,0.031310126185417175,0.011796275153756142,0.07848145067691803,0.017348211258649826,0.05843594670295715,0.013082694101864717,2,0.9834191932862925,False,1,8,42,gelu_tanh,0.005,1,l2,0.0,flowers64,all,sgd,1.0
exp_b_T1_flowers64_r8_s42_a149_gelu_tanh_lr0.02.pth,lora,0.04729510471224785,0.030077539384365082,0.1340884417295456,0.0695301815867424,0.6624951958656311,20848.73828125,89.09735107421875,0.7574055790901184,-0.950984347376052,1.8509820865147177,0.029668349772691727,0.008315814658999443,0.0749862790107727,0.017626754939556122,0.05910216271877289,0.05233077640745887,2,0.8251192815304136,False,1,8,42,gelu_tanh,0.02,1,l2,0.0,flowers64,all,sgd,1.0
exp_b_T1_flowers64_r8_s42_a149_hardswish.pth,lora,0.15850569307804108,0.18454277515411377,0.24710875749588013,0.24314576387405396,0.6624951958656311,20540.716796875,32.41419219970703,0.2366536408662796,-0.7780976673632478,1.6004829491654835,0.11088874936103821,0.1178327351808548,0.1576337367296219,0.04761694371700287,0.08947502076625824,0.025217930420329503,2,0.978918299969961,False,1,8,42,hardswish,0.01,1,l2,0.0,flowers64,all,sgd,1.0
exp_b_T1_flowers64_r8_s42_a149_hardswish_lr0.005.pth,lora,0.1738949418067932,0.2028197944164276,0.2569435238838196,0.2583281993865967,0.6624951958656311,20100.41796875,30.25564956665039,0.2193603515625,-0.7113939467951167,1.6190309962377811,0.11924973130226135,0.12712237238883972,0.16326463222503662,0.05464521050453186,0.09367889165878296,0.012608965210164752,2,0.994623838238913,False,1,8,42,hardswish,0.005,1,l2,0.0,flowers64,all,sgd,1.0
exp_b_T1_flowers64_r8_s42_a149_hardswish_lr0.02.pth,lora,0.15726953744888306,0.1833844780921936,0.24524492025375366,0.24148625135421753,0.6624951958656311,20681.462890625,32.41354751586914,0.2366536408662796,-0.76725374386137,1.6275310163844414,0.10997866094112396,0.1168065220117569,0.15668056905269623,0.047290876507759094,0.08856435120105743,0.050435860840659014,2,0.921628767340571,False,1,8,42,hardswish,0.02,1,l2,0.0,flowers64,all,sgd,1.0
exp_b_T1_flowers64_r8_s42_a149_leaky_relu.pth,lora,0.7756869196891785,0.7565772533416748,0.7613333463668823,0.7499228715896606,0.6624951958656311,146.8037109375,10.678924560546875,0.0,0.036973023921905046,0.8579211657202991,0.5230302810668945,0.4776992201805115,0.4777204990386963,0.25265663862228394,0.28361284732818604,0.04267421277905385,2,0.6325775381256747,False,1,8,42,leaky_relu,0.01,1,l2,0.0,flowers64,all,sgd,1.0
exp_b_T1_flowers64_r8_s42_a149_leaky_relu_lr0.005.pth,lora,0.6804720163345337,0.6891119480133057,0.6635493040084839,0.6800897717475891,0.6624951958656311,8677.2529296875,11.664505004882812,0.0001220703125,-0.013456787063345244,0.9275256097890772,0.4312279224395752,0.4111475944519043,0.38646766543388367,0.2492440938949585,0.2770816385746002,0.021337106389526926,2,0.7096708277774777,False,1,8,42,leaky_relu,0.005,1,l2,0.0,flowers64,all,sgd,1.0
exp_b_T1_flowers64_r8_s42_a149_leaky_relu_lr0.02.pth,lora,0.6743162870407104,0.6839249730110168,0.6572769284248352,0.6749640107154846,0.6624951958656311,8815.0517578125,11.76225471496582,0.00020345051598269492,-0.016239730668337823,0.9297845731087933,0.42746829986572266,0.40860092639923096,0.38280507922172546,0.2468479871749878,0.27447184920310974,0.0853484255581077,2,0.5492211201169379,False,1,8,42,leaky_relu,0.02,1,l2,0.0,flowers64,all,sgd,1.0
exp_b_T1_flowers64_r8_s42_a149_mish.pth,lora,0.043651968240737915,0.027383137494325638,0.1473650336265564,0.07547090947628021,0.6624951958656311,21376.255859375,87.18612670898438,0.7323405146598816,-0.9588234123140149,1.8588237062267052,0.0379646010696888,0.021641619503498077,0.10204759240150452,0.005687367171049118,0.04531744122505188,0.03139395018181083,2,0.9497982173498817,False,1,8,42,mish,0.01,1,l2,0.0,flowers64,all,sgd,1.0
exp_b_T1_flowers64_r8_s42_a149_mish_lr0.005.pth,lora,0.04475777596235275,0.03065156750380993,0.14803481101989746,0.08036639541387558,0.6624951958656311,21245.57421875,84.67793273925781,0.70263671875,-0.9509805244451879,1.8509808296923942,0.03936830908060074,0.02467271499335766,0.10372588783502579,0.005389466881752014,0.044308923184871674,0.015696975090905414,2,0.9863593475443002,False,1,8,42,mish,0.005,1,l2,0.0,flowers64,all,sgd,1.0
exp_b_T1_flowers64_r8_s42_a149_mish_lr0.02.pth,lora,0.04330280423164368,0.026625320315361023,0.1472083330154419,0.07431110739707947,0.6624951958656311,21403.197265625,87.81753540039062,0.7406005859375,-0.9588237510843242,1.8588243561346913,0.03748901188373566,0.020732948556542397,0.10135827958583832,0.00581379234790802,0.04585005342960358,0.06278790036362165,2,0.8442672009477328,False,1,8,42,mish,0.02,1,l2,0.0,flowers64,all,sgd,1.0
exp_b_T1_flowers64_r8_s42_a149_relu.pth,lora,0.6806530952453613,0.6899794340133667,0.6642183065414429,0.6822159290313721,0.6624951958656311,6629.50146484375,11.593372344970703,0.000244140625,-0.013867014321878729,0.9287704315620747,0.4383627772331238,0.42066413164138794,0.3935560882091522,0.24229031801223755,0.27066221833229065,0.04285785819540118,2,0.6251793222944599,False,1,8,42,relu,0.01,1,l2,0.0,flowers64,all,sgd,1.0
exp_b_T1_flowers64_r8_s42_a149_relu_lr0.005.pth,lora,0.7662801742553711,0.7452130317687988,0.7499071359634399,0.7362772226333618,0.6624951958656311,270.3486328125,11.059109687805176,0.0,0.03978087827363409,0.8650737986920966,0.508760392665863,0.46079540252685547,0.4613129198551178,0.25751978158950806,0.28859421610832214,0.021428929097700593,2,0.7005706049117357,False,1,8,42,relu,0.005,1,l2,0.0,flowers64,all,sgd,1.0
exp_b_T1_flowers64_r8_s42_a149_relu_lr0.02.pth,lora,0.6741638779640198,0.6837936043739319,0.6571711897850037,0.6748733520507812,0.6624951958656311,8793.826171875,11.76422119140625,0.00020345051598269492,-0.016406423943018306,0.9299100100355726,0.42739713191986084,0.4086001515388489,0.3827388882637024,0.24676674604415894,0.27443230152130127,0.08571571639080236,2,0.542413664751239,False,1,8,42,relu,0.02,1,l2,0.0,flowers64,all,sgd,1.0
exp_b_T1_flowers64_r8_s42_a149_selu.pth,lora,0.6433531641960144,0.6590197086334229,0.6261285543441772,0.6499698758125305,0.6624951958656311,10027.6142578125,12.01948070526123,0.0019124349346384406,-0.043666215322180464,0.9405328965935018,0.40514442324638367,0.39237597584724426,0.36176571249961853,0.23820874094963074,0.2643628418445587,0.007279781326284059,2,0.9802337045960672,False,1,8,42,selu,0.01,1,l2,0.0,flowers64,all,sgd,1.0
exp_b_T1_flowers64_r8_s42_a149_selu_lr0.005.pth,lora,0.4877840280532837,0.5192586779594421,0.45550835132598877,0.5013824105262756,0.6624951958656311,24656.1015625,15.024456024169922,0.0010172525653615594,-0.04340191309688656,0.936758077894591,0.34126725792884827,0.34328532218933105,0.3103693723678589,0.14651677012443542,0.14513897895812988,0.0036398906631420294,2,0.9890778633007414,False,1,8,42,selu,0.005,1,l2,0.0,flowers64,all,sgd,1.0
exp_b_T1_flowers64_r8_s42_a149_selu_lr0.02.pth,lora,0.6406456232070923,0.6563552618026733,0.6223800778388977,0.6462912559509277,0.6624951958656311,10564.408203125,12.051124572753906,0.0006103515625,-0.02783260839404797,0.9432075728415962,0.4043160080909729,0.39072248339653015,0.36055901646614075,0.23632961511611938,0.26182106137275696,0.014559562652568117,2,0.9678089552566136,False,1,8,42,selu,0.02,1,l2,0.0,flowers64,all,sgd,1.0
exp_b_T1_flowers64_r8_s42_a149_sigmoid.pth,lora,0.6287468671798706,0.6367570161819458,0.6133565902709961,0.6282036304473877,0.6624951958656311,12617.29296875,12.821550369262695,0.0006917317514307797,-0.03328074390182842,0.940140416786215,0.39647552371025085,0.3792443573474884,0.35208243131637573,0.23227134346961975,0.26127415895462036,0.011849820439803814,2,0.999312802388618,False,1,8,42,sigmoid,0.01,1,l2,0.0,flowers64,all,sgd,1.0
exp_b_T1_flowers64_r8_s42_a149_sigmoid_lr0.005.pth,lora,0.4877840280532837,0.5192586779594421,0.45550835132598877,0.5013824105262756,0.6624951958656311,24656.1015625,15.024456024169922,0.0010172525653615594,-0.04340191309688656,0.936758077894591,0.34126725792884827,0.34328532218933105,0.3103693723678589,0.14651677012443542,0.14513897895812988,0.005924910219901906,2,0.9998277600643629,True,1,8,42,sigmoid,0.005,1,l2,0.0,flowers64,all,sgd,1.0
exp_b_T1_flowers64_r8_s42_a149_sigmoid_lr0.02.pth,lora,0.6288864016532898,0.6368063688278198,0.6135563850402832,0.6282970309257507,0.6624951958656311,12604.353515625,12.826421737670898,0.0006917317514307797,-0.03304790649505929,0.9402924847114151,0.3965288996696472,0.37927478551864624,0.3521153926849365,0.23235750198364258,0.2614409923553467,0.023699640879607624,2,0.9972750941382581,False,1,8,42,sigmoid,0.02,1,l2,0.0,flowers64,all,sgd,1.0
exp_b_T1_flowers64_r8_s42_a149_silu.pth,lora,0.044225841760635376,0.024900566786527634,0.13692666590213776,0.06958042085170746,0.6624951958656311,21558.376953125,88.44448852539062,0.7447916865348816,-0.9509808085038272,1.850980966865734,0.038167957216501236,0.0186744574457407,0.0949496179819107,0.00605788454413414,0.04197704792022705,0.025508506867205315,2,0.9678220916201947,False,1,8,42,silu,0.01,1,l2,0.0,flowers64,all,sgd,1.0
exp_b_T1_flowers64_r8_s42_a149_silu_lr0.005.pth,lora,0.04474695026874542,0.028414607048034668,0.13930445909500122,0.07511252164840698,0.6624951958656311,21485.15625,85.6187515258789,0.7128092646598816,-0.9509805392438049,1.8509807169207453,0.0387040451169014,0.021146515384316444,0.0968376025557518,0.006042905151844025,0.04246685653924942,0.012754253433602657,2,0.9915591830187584,False,1,8,42,silu,0.005,1,l2,0.0,flowers64,all,sgd,1.0
exp_b_T1_flowers64_r8_s42_a149_silu_lr0.02.pth,lora,0.0441528782248497,0.023755207657814026,0.1361665576696396,0.06778635084629059,0.6624951958656311,21587.37890625,89.46376037597656,0.7567952275276184,-0.9509821414789548,1.858680218759076,0.03813839331269264,0.018031645566225052,0.09462445229291916,0.006014484912157059,0.04154210537672043,0.05101701373441063,2,0.8906362121549798,False,1,8,42,silu,0.02,1,l2,0.0,flowers64,all,sgd,1.0
exp_b_T1_flowers64_r8_s42_a149_softplus.pth,lora,0.6180780529975891,0.6258321404457092,0.6011396646499634,0.6159394383430481,0.6624951958656311,14225.228515625,13.041071891784668,0.0006510416860692203,-0.03208425041518097,0.93683349926203,0.3907064199447632,0.3734976649284363,0.3473111689090729,0.22737163305282593,0.2538284957408905,0.06574287434247073,2,0.9584974803311874,False,1,8,42,softplus,0.01,1,l2,0.0,flowers64,all,sgd,1.0
exp_b_T1_flowers64_r8_s42_a149_softplus_lr0.005.pth,lora,0.6180565357208252,0.6258131861686707,0.6011139154434204,0.6159177422523499,0.6624951958656311,14227.1923828125,13.041353225708008,0.0006510416860692203,-0.03208515105182337,0.9368388789062798,0.390702486038208,0.3734957277774811,0.34730803966522217,0.2273540496826172,0.25380587577819824,0.03287143717123536,2,0.989080582026439,False,1,8,42,softplus,0.005,1,l2,0.0,flowers64,all,sgd,1.0
exp_b_T1_flowers64_r8_s42_a149_softplus_lr0.02.pth,lora,0.6180598735809326,0.6258193254470825,0.6011157035827637,0.6159221529960632,0.6624951958656311,14227.6376953125,13.040975570678711,0.0006510416860692203,-0.03208158101365606,0.9368426467413634,0.3906974196434021,0.3734905421733856,0.3473023772239685,0.22736245393753052,0.25381332635879517,0.13148574868494145,2,0.8609469549186974,False,1,8,42,softplus,0.02,1,l2,0.0,flowers64,all,sgd,1.0
exp_b_T1_flowers64_r8_s42_a149_tanh.pth,lora,0.07207130640745163,0.055745743215084076,0.15700963139533997,0.09663613140583038,0.6624951958656311,23650.8125,87.31488037109375,0.7342936396598816,-0.9509511712275983,1.8470590591030915,0.02990182861685753,-0.0046209655702114105,0.046783968806266785,0.0421694777905941,0.11022566258907318,0.02882325479907916,2,0.9810030244901315,False,1,8,42,tanh,0.01,1,l2,0.0,flowers64,all,sgd,1.0
exp_b_T1_flowers64_r8_s42_a149_tanh_lr0.005.pth,lora,0.6435142755508423,0.6595066785812378,0.6251579523086548,0.650542676448822,0.6624951958656311,9290.513671875,12.137399673461914,0.0005289713735692203,-0.030070079510199715,0.9411982766020528,0.40886977314949036,0.39678052067756653,0.36544737219810486,0.23464450240135193,0.2597105801105499,0.01441162739953958,2,0.9954786017707384,False,1,8,42,tanh,0.005,1,l2,0.0,flowers64,all,sgd,1.0
exp_b_T1_flowers64_r8_s42_a149_tanh_lr0.02.pth,lora,0.07204296439886093,0.05577016994357109,0.1570071578025818,0.09685072302818298,0.6624951958656311,23657.5390625,87.16813659667969,0.7328287959098816,-0.9509811021745733,1.847059853486169,0.029636725783348083,-0.005072057247161865,0.04676581546664238,0.04240623861551285,0.11024134233593941,0.05764650959815832,2,0.9182395468121063,False,1,8,42,tanh,0.02,1,l2,0.0,flowers64,all,sgd,1.0
exp_b_T1_flowers_r8_s42_a149_celu.pth,lora,0.037469979375600815,0.01604543626308441,0.05150439217686653,-0.00908312201499939,0.6573425531387329,1510.54248046875,24.13763999938965,0.8577806353569031,-0.911772189174182,1.666680830371429,0.023868143558502197,0.008511025458574295,0.001021742820739746,0.013601835817098618,0.050482649356126785,0.0790612194415279,2,0.9189601855072653,False,1,8,42,celu,0.01,1,l2,0.0,flowers,,,
exp_b_T1_flowers_r8_s42_a149_celu_lr0.1_vw5.pth,lora,0.05712690204381943,0.06483842432498932,0.0967225730419159,0.07498983293771744,0.6573425531387329,1513.47607421875,22.391956329345703,0.7748724222183228,-0.899130149619242,1.694139777333019,0.03315509855747223,0.04236024245619774,0.02286035194993019,0.0239718034863472,0.0738622210919857,0.7906121944152789,2,0.20860578442706285,False,1,8,42,celu,0.1,1,l2,0.0,flowers,all,sgd,5.0
exp_b_T1_flowers_r8_s42_a149_celu_lr0.3_vw5.pth,lora,0.04069270193576813,0.01945943757891655,0.05927148088812828,-0.001033298671245575,0.6573425531387329,1510.9520263671875,24.322471618652344,0.8622449040412903,-0.9119152588488574,1.6737046103270772,0.027085687965154648,0.009792540222406387,0.0065398141741752625,0.01360701397061348,0.05273166671395302,2.3718365832458366,2,0.0828359954163661,False,1,8,42,celu,0.3,1,l2,0.0,flowers,all,sgd,5.0
exp_b_T1_flowers_r8_s42_a149_celu_npc5_vw5.pth,lora,0.1559724509716034,0.14882847666740417,0.18472617864608765,0.17218121886253357,0.3421907424926758,1624.4459228515625,14.747987747192383,0.3969387710094452,-0.8317647515278741,1.6462755375762033,0.09596671164035797,0.0818152129650116,0.13695888221263885,0.06000573933124542,0.04776729643344879,0.037969921487958386,5,0.9939678015435714,False,1,8,42,celu,0.01,5,l2,0.0,flowers,all,sgd,5.0
exp_b_T1_flowers_r8_s42_a149_elu.pth,lora,0.037469979375600815,0.01604543626308441,0.05150439217686653,-0.00908312201499939,0.6573425531387329,1510.54248046875,24.13763999938965,0.8577806353569031,-0.911772189174182,1.666680830371429,0.023868143558502197,0.008511025458574295,0.001021742820739746,0.013601835817098618,0.050482649356126785,0.0790612194415279,2,0.9189601855072653,False,1,8,42,elu,0.01,1,l2,0.0,flowers,,,
exp_b_T1_flowers_r8_s42_a149_elu_lr0.1_vw5.pth,lora,0.05712690204381943,0.06483842432498932,0.0967225730419159,0.07498983293771744,0.6573425531387329,1513.47607421875,22.391956329345703,0.7748724222183228,-0.899130149619242,1.694139777333019,0.03315509855747223,0.04236024245619774,0.02286035194993019,0.0239718034863472,0.0738622210919857,0.7906121944152789,2,0.20860578442706285,False,1,8,42,elu,0.1,1,l2,0.0,flowers,all,sgd,5.0
exp_b_T1_flowers_r8_s42_a149_elu_lr0.3_vw5.pth,lora,0.04069270193576813,0.01945943757891655,0.05927148088812828,-0.001033298671245575,0.6573425531387329,1510.9520263671875,24.322471618652344,0.8622449040412903,-0.9119152588488574,1.6737046103270772,0.027085687965154648,0.009792540222406387,0.0065398141741752625,0.01360701397061348,0.05273166671395302,2.3718365832458366,2,0.0828359954163661,False,1,8,42,elu,0.3,1,l2,0.0,flowers,all,sgd,5.0
exp_b_T1_flowers_r8_s42_a149_elu_npc5_vw5.pth,lora,0.1559724509716034,0.14882847666740417,0.18472617864608765,0.17218121886253357,0.3421907424926758,1624.4459228515625,14.747987747192383,0.3969387710094452,-0.8317647515278741,1.6462755375762033,0.09596671164035797,0.0818152129650116,0.13695888221263885,0.06000573933124542,0.04776729643344879,0.037969921487958386,5,0.9939678015435714,False,1,8,42,elu,0.01,5,l2,0.0,flowers,all,sgd,5.0
exp_b_T1_flowers_r8_s42_a149_gelu.pth,lora,0.046364203095436096,0.04751019552350044,0.091163270175457,0.06853394955396652,0.6573425531387329,1441.0950927734375,21.279197692871094,0.7002550959587097,-0.9039243513419212,1.694120132709942,0.017832279205322266,0.017393779009580612,0.01960720494389534,0.02853192389011383,0.07155606523156166,0.025636536483794787,2,0.9890753945609663,False,1,8,42,gelu,0.01,1,l2,0.0,flowers,,,
exp_b_T1_flowers_r8_s42_a149_gelu_lr0.1_vw5.pth,lora,0.045115381479263306,0.04517292231321335,0.08799569308757782,0.0627712607383728,0.6573425531387329,1447.099609375,21.85309600830078,0.7244898080825806,-0.9039784099619753,1.6941433709911187,0.01855083927512169,0.015909435227513313,0.018181288614869118,0.026564542204141617,0.0698144044727087,0.25636536483794786,2,0.5179416110150362,False,1,8,42,gelu,0.1,1,l2,0.0,flowers,all,sgd,5.0
exp_b_T1_flowers_r8_s42_a149_gelu_lr0.3_vw5.pth,lora,0.04511569067835808,0.045212872326374054,0.08806342631578445,0.06287626922130585,0.6573425531387329,1447.0694580078125,21.84496307373047,0.7238520383834839,-0.904433971111216,1.6943494995802457,0.018472015857696533,0.015879763290286064,0.018137937411665916,0.026643674820661545,0.06992548890411854,0.7690960945138435,2,0.19612599389283575,False,1,8,42,gelu,0.3,1,l2,0.0,flowers,all,sgd,5.0
exp_b_T1_flowers_r8_s42_a149_gelu_npc5_vw5.pth,lora,0.12655408680438995,0.12063666433095932,0.16360557079315186,0.14363914728164673,0.3421907424926758,1474.340576171875,14.419194221496582,0.4154336750507355,-0.8056864603874785,1.646274244339629,0.07856228202581406,0.05482275411486626,0.1321212351322174,0.0479918047785759,0.03148433566093445,0.012101024616862376,8,0.9989357260093187,False,1,8,42,gelu,0.01,5,l2,0.0,flowers,all,sgd,5.0
exp_b_T1_flowers_r8_s42_a149_gelu_tanh.pth,lora,0.046463046222925186,0.04780671000480652,0.09169476479291916,0.06937138736248016,0.6573425531387329,1440.2705078125,21.18669319152832,0.6945152878761292,-0.903924284787394,1.6941189163169954,0.017664063721895218,0.01754707843065262,0.019772404804825783,0.028798982501029968,0.07192235998809338,0.025636125151805293,2,0.9890759803650709,False,1,8,42,gelu_tanh,0.01,1,l2,0.0,flowers,,,
exp_b_T1_flowers_r8_s42_a149_gelu_tanh_lr0.1_vw5.pth,lora,0.04502367973327637,0.04513242840766907,0.08793722093105316,0.06270229816436768,0.6573425531387329,1447.189208984375,21.854698181152344,0.7244898080825806,-0.9041702199020047,1.6941432668209024,0.01848696358501911,0.015848690643906593,0.018096663057804108,0.026536716148257256,0.06984055787324905,0.25636125151805295,2,0.5179890212851719,False,1,8,42,gelu_tanh,0.1,1,l2,0.0,flowers,all,sgd,5.0
exp_b_T1_flowers_r8_s42_a149_gelu_tanh_lr0.3_vw5.pth,lora,0.045063566416502,0.045171044766902924,0.0880015566945076,0.06280884146690369,0.6573425531387329,1447.0679931640625,21.843914031982422,0.7244898080825806,-0.9044338877834178,1.694349405798182,0.018431704491376877,0.015832951292395592,0.018090857192873955,0.026631861925125122,0.06991069950163364,0.7690837545541587,2,0.19611679431476559,False,1,8,42,gelu_tanh,0.3,1,l2,0.0,flowers,all,sgd,5.0
exp_b_T1_flowers_r8_s42_a149_gelu_tanh_npc5_vw5.pth,lora,0.12861268222332,0.12381203472614288,0.1650734692811966,0.14682766795158386,0.3421907424926758,1473.4072265625,14.2159423828125,0.4080357253551483,-0.8005780140535281,1.6462739818661407,0.07940863817930222,0.05654937028884888,0.13373813033103943,0.04920404404401779,0.031335338950157166,0.012100713404249558,8,0.9989358756059659,False,1,8,42,gelu_tanh,0.01,5,l2,0.0,flowers,all,sgd,5.0
exp_b_T1_flowers_r8_s42_a149_hardswish.pth,lora,0.04996378719806671,0.05943357199430466,0.10506869852542877,0.0915658175945282,0.6573425531387329,1470.6988525390625,20.175643920898438,0.65625,-0.9039236913148706,1.688977634034747,0.01564721204340458,0.02556728571653366,0.024559104815125465,0.03431657515466213,0.0805095937103033,0.023029633319012276,2,0.9924969732915496,False,1,8,42,hardswish,0.01,1,l2,0.0,flowers,all,sgd,1.0
exp_b_T1_flowers_r8_s42_a149_hardswish_lr0.1_vw5.pth,lora,0.04280988872051239,0.048195503652095795,0.0867382287979126,0.06694646179676056,0.6573425531387329,1479.3511962890625,21.777620315551758,0.7340561151504517,-0.9039481519329041,1.6941223196998592,0.014911854639649391,0.020275436341762543,0.015128400176763535,0.027898034080863,0.07160982862114906,0.23029633319012277,2,0.6134973331771143,False,1,8,42,hardswish,0.1,1,l2,0.0,flowers,all,sgd,5.0
exp_b_T1_flowers_r8_s42_a149_hardswish_lr0.3_vw5.pth,lora,0.042820509523153305,0.04822830110788345,0.08678817003965378,0.06701210141181946,0.6573425531387329,1479.40380859375,21.777935028076172,0.7340561151504517,-0.9041611648134019,1.6941607489638244,0.014873761683702469,0.02025430090725422,0.01510467566549778,0.027946747839450836,0.071683494374156,0.6908889995703682,2,0.22372820733591137,False,1,8,42,hardswish,0.3,1,l2,0.0,flowers,all,sgd,5.0
exp_b_T1_flowers_r8_s42_a149_hardswish_npc5_vw5.pth,lora,0.20680086314678192,0.20174047350883484,0.21621520817279816,0.21946677565574646,0.3421907424926758,1520.005126953125,7.985681056976318,0.09209183603525162,-0.7598726673219804,1.581451183313072,0.11710512638092041,0.10177429765462875,0.15159699320793152,0.08969573676586151,0.06461821496486664,0.010777356946344683,8,0.9994973908127277,False,1,8,42,hardswish,0.01,5,l2,0.0,flowers,all,sgd,5.0
exp_b_T1_flowers_r8_s42_a149_leaky_relu.pth,lora,0.6847897171974182,0.7383160591125488,0.6718853712081909,0.7418313026428223,0.6573425531387329,555.3801879882812,2.5488555431365967,0.0,0.03590382349624635,0.7212243075594208,0.46592822670936584,0.5144484043121338,0.4400646984577179,0.21886149048805237,0.23182067275047302,0.04431980166737538,2,0.8252260862612775,False,1,8,42,leaky_relu,0.01,1,l2,0.0,flowers,all,sgd,1.0
exp_b_T1_flowers_r8_s42_a149_leaky_relu_lr0.1_vw5.pth,lora,0.6867032051086426,0.7401753664016724,0.6739195585250854,0.743730366230011,0.6573425531387329,541.7832641601562,2.536813259124756,0.0,0.03587596380961222,0.7216112725341138,0.46699225902557373,0.5155037045478821,0.4411262273788452,0.21971094608306885,0.23279333114624023,0.4431980166737538,2,0.2716018880273362,False,1,8,42,leaky_relu,0.1,1,l2,0.0,flowers,all,sgd,5.0
exp_b_T1_flowers_r8_s42_a149_leaky_relu_lr0.3_vw5.pth,lora,0.6867032051086426,0.7401753664016724,0.6739195585250854,0.743730366230011,0.6573425531387329,541.7832641601562,2.536813259124756,0.0,0.03587596380968379,0.7216112725341858,0.46699225902557373,0.5155037045478821,0.4411262273788452,0.21971094608306885,0.23279333114624023,1.3295940500212613,2,0.12916107194103868,False,1,8,42,leaky_relu,0.3,1,l2,0.0,flowers,all,sgd,5.0
exp_b_T1_flowers_r8_s42_a149_leaky_relu_npc5_vw5.pth,lora,0.30903536081314087,0.3180980384349823,0.30449095368385315,0.3488888144493103,0.3421907424926758,1337.60546875,4.817287445068359,0.0,0.10706494985265581,0.7502451555828799,0.197244793176651,0.1783439815044403,0.18529479205608368,0.11179056763648987,0.11919616162776947,0.02262453996221275,7,0.9485730305243596,False,1,8,42,leaky_relu,0.01,5,l2,0.0,flowers,all,sgd,5.0
exp_b_T1_flowers_r8_s42_a149_mish.pth,lora,0.043985310941934586,0.04690788686275482,0.08886121213436127,0.0654633566737175,0.6573425531387329,1461.53662109375,21.628746032714844,0.7257652878761292,-0.9039260597899773,1.6941205770235641,0.01676785945892334,0.018472744151949883,0.016236163675785065,0.027217451483011246,0.0726250484585762,0.035093871899270865,2,0.981690872766263,False,1,8,42,mish,0.01,1,l2,0.0,flowers,,,
exp_b_T1_flowers_r8_s42_a149_mish_lr0.1_vw5.pth,lora,0.04409774765372276,0.04580548405647278,0.08738492429256439,0.0627274364233017,0.6573425531387329,1463.4444580078125,21.833778381347656,0.737882673740387,-0.9040064162599467,1.6941464284152412,0.0167522132396698,0.017371395602822304,0.0147472582757473,0.027345534414052963,0.07263766601681709,0.3509387189927087,2,0.42207337830720393,False,1,8,42,mish,0.1,1,l2,0.0,flowers,all,sgd,5.0
exp_b_T1_flowers_r8_s42_a149_mish_lr0.3_vw5.pth,lora,0.04412218555808067,0.04584553837776184,0.08742433786392212,0.06278020143508911,0.6573425531387329,1463.453857421875,21.837221145629883,0.737882673740387,-0.904687135574645,1.6943763994949177,0.01673714816570282,0.017373722046613693,0.014722565189003944,0.027385037392377853,0.07270177267491817,1.052816156978126,2,0.1550067526089212,False,1,8,42,mish,0.3,1,l2,0.0,flowers,all,sgd,5.0
exp_b_T1_flowers_r8_s42_a149_mish_npc5_vw5.pth,lora,0.1449742615222931,0.142806738615036,0.1755753755569458,0.1649746596813202,0.3421907424926758,1486.101318359375,13.848773002624512,0.3970663249492645,-0.8054805714461362,1.6462746652537068,0.08786897361278534,0.06471389532089233,0.13831186294555664,0.05710528790950775,0.03726351261138916,0.016733248204770745,8,0.9984759979392657,False,1,8,42,mish,0.01,5,l2,0.0,flowers,all,sgd,5.0
exp_b_T1_flowers_r8_s42_a149_relu.pth,lora,0.685187578201294,0.7387630343437195,0.6723051071166992,0.742283046245575,0.6573425531387329,552.84375,2.546037435531616,0.0,0.035860456951004316,0.7213043070297291,0.46618199348449707,0.5147651433944702,0.4403292238712311,0.21900558471679688,0.23197588324546814,0.04457801970756946,2,0.8215889186459078,False,1,8,42,relu,0.01,1,l2,0.0,flowers,all,sgd,1.0
exp_b_T1_flowers_r8_s42_a149_relu_lr0.1_vw5.pth,lora,0.6868654489517212,0.7404085397720337,0.6740883588790894,0.7439703941345215,0.6573425531387329,540.848876953125,2.5352940559387207,0.0,0.035747185007581075,0.7215920601746652,0.4671824872493744,0.5157661437988281,0.4413321614265442,0.2196829617023468,0.23275619745254517,0.4457801970756946,2,0.2690884529348282,False,1,8,42,relu,0.1,1,l2,0.0,flowers,all,sgd,5.0
exp_b_T1_flowers_r8_s42_a149_relu_lr0.3_vw5.pth,lora,0.6868654489517212,0.7404085397720337,0.6740883588790894,0.7439703941345215,0.6573425531387329,540.848876953125,2.5352940559387207,0.0,0.03574718517966087,0.721592060380875,0.46718254685401917,0.5157661437988281,0.4413321614265442,0.21968290209770203,0.23275619745254517,1.3373405912270837,2,0.12869803998260845,False,1,8,42,relu,0.3,1,l2,0.0,flowers,all,sgd,5.0
exp_b_T1_flowers_r8_s42_a149_relu_npc5_vw5.pth,lora,0.31170666217803955,0.32141274213790894,0.307486355304718,0.35211294889450073,0.3421907424926758,1327.1519775390625,4.7910661697387695,0.0,0.10279656821552804,0.7588687811198606,0.19704756140708923,0.17842929065227509,0.18569418787956238,0.11465910077095032,0.12179216742515564,0.02268219978279853,7,0.9472958620385896,False,1,8,42,relu,0.01,5,l2,0.0,flowers,all,sgd,5.0
exp_b_T1_flowers_r8_s42_a149_selu.pth,lora,0.7892671823501587,0.8488911986351013,0.7831408977508545,0.8527612686157227,0.6573425531387329,170.53204345703125,1.7555780410766602,0.0,0.01910151285081317,0.7470801498127834,0.5228400826454163,0.5842380523681641,0.4993610382080078,0.26642709970474243,0.2837798595428467,0.1349252340952049,2,0.7661114032762706,False,1,8,42,selu,0.01,1,l2,0.0,flowers,,,
exp_b_T1_flowers_r8_s42_a149_selu_lr0.1_vw5.pth,lora,0.7892671823501587,0.8488911986351013,0.7831408977508545,0.8527612686157227,0.6573425531387329,170.53204345703125,1.7555780410766602,0.0,0.019101512625610856,0.7470801497604773,0.522840142250061,0.5842380523681641,0.4993610382080078,0.26642704010009766,0.2837798595428467,1.3492523409520492,2,0.10554149912980346,False,1,8,42,selu,0.1,1,l2,0.0,flowers,all,sgd,5.0
exp_b_T1_flowers_r8_s42_a149_selu_lr0.3_vw5.pth,lora,0.7883225679397583,0.8478907942771912,0.7820440530776978,0.8517246246337891,0.6573425531387329,172.29132080078125,1.7647428512573242,0.0,0.01988295204220049,0.7477401953495153,0.5227723121643066,0.5839170813560486,0.4992956817150116,0.26555025577545166,0.28274837136268616,4.047757022856147,2,0.035114300874361674,False,1,8,42,selu,0.3,1,l2,0.0,flowers,all,sgd,5.0
exp_b_T1_flowers_r8_s42_a149_selu_npc5_vw5.pth,lora,0.3173743486404419,0.3284057080745697,0.3088894784450531,0.3590383529663086,0.3421907424926758,1234.652099609375,4.675822734832764,0.0,0.09967397822586521,0.7401443336039262,0.20512938499450684,0.18955282866954803,0.18895049393177032,0.11224496364593506,0.11993898451328278,0.0642397071264175,5,0.9590097039534918,False,1,8,42,selu,0.01,5,l2,0.0,flowers,all,sgd,5.0
exp_b_T1_flowers_r8_s42_a149_sigmoid.pth,lora,0.537749171257019,0.5983018279075623,0.5420511364936829,0.6009243130683899,0.6573425531387329,1333.414306640625,3.5496068000793457,0.008928571827709675,-0.11282203101214779,1.1339929344710362,0.3578260838985443,0.4123588800430298,0.3512803316116333,0.17992308735847473,0.19077080488204956,0.00654246758025671,2,0.9997259496058927,True,1,8,42,sigmoid,0.01,1,l2,0.0,flowers,,,
exp_b_T1_flowers_r8_s42_a149_sigmoid_lr0.1_vw5.pth,lora,0.48665815591812134,0.5467817783355713,0.5031468868255615,0.5608339309692383,0.6573425531387329,1304.953125,4.020157814025879,0.02104591764509678,-0.16095458484888542,1.151273211071262,0.30928200483322144,0.3637743294239044,0.31527847051620483,0.1773761510848999,0.1878684163093567,0.0654246758025671,2,0.9763301838192333,False,1,8,42,sigmoid,0.1,1,l2,0.0,flowers,all,sgd,5.0
exp_b_T1_flowers_r8_s42_a149_sigmoid_lr0.3_vw5.pth,lora,0.29619595408439636,0.36381667852401733,0.42878180742263794,0.4927162528038025,0.6573425531387329,929.970458984375,13.004999160766602,0.4011479616165161,-0.925433973580219,1.6665850183149566,0.17614898085594177,0.23105643689632416,0.29719671607017517,0.12004697322845459,0.13158509135246277,0.19627402740770128,2,0.8786241791224659,False,1,8,42,sigmoid,0.3,1,l2,0.0,flowers,all,sgd,5.0
exp_b_T1_flowers_r8_s42_a149_sigmoid_npc5_vw5.pth,lora,0.2733907103538513,0.2790110111236572,0.2611411511898041,0.303605318069458,0.3421907424926758,1556.00390625,5.036838054656982,0.0,0.11009470335523758,0.7069918995512631,0.18841782212257385,0.17062397301197052,0.17428836226463318,0.08497288823127747,0.0868527889251709,0.006192151314938293,8,0.999739561215765,True,1,8,42,sigmoid,0.01,5,l2,0.0,flowers,all,sgd,5.0
exp_b_T1_flowers_r8_s42_a149_silu.pth,lora,0.04557202383875847,0.05146269127726555,0.09513082355260849,0.07551029324531555,0.6573425531387329,1462.721923828125,21.016738891601562,0.6906887888908386,-0.9039233140418811,1.693728943217744,0.017077423632144928,0.02201664447784424,0.02133774198591709,0.02849460020661354,0.0737930815666914,0.023907900739209807,2,0.991525548260402,False,1,8,42,silu,0.01,1,l2,0.0,flowers,,,
exp_b_T1_flowers_r8_s42_a149_silu_lr0.1_vw5.pth,lora,0.043572038412094116,0.04580842703580856,0.08695182204246521,0.06241043657064438,0.6573425531387329,1469.8665771484375,22.080183029174805,0.7512755393981934,-0.9039583742798077,1.6941280435389745,0.01794208399951458,0.018840638920664787,0.01676843874156475,0.025629954412579536,0.07018338330090046,0.2390790073920981,2,0.582795810215911,False,1,8,42,silu,0.1,1,l2,0.0,flowers,all,sgd,5.0
exp_b_T1_flowers_r8_s42_a149_silu_lr0.3_vw5.pth,lora,0.043544307351112366,0.04584800451993942,0.08698783069849014,0.062484920024871826,0.6573425531387329,1469.8646240234375,22.07244873046875,0.7519132494926453,-0.9042519253834967,1.6942124814532586,0.01784542016685009,0.01881585270166397,0.016677983105182648,0.025698887184262276,0.0703098475933075,0.7172370221762943,2,0.21566604760891808,False,1,8,42,silu,0.3,1,l2,0.0,flowers,all,sgd,5.0
exp_b_T1_flowers_r8_s42_a149_silu_npc5_vw5.pth,lora,0.24446240067481995,0.24460113048553467,0.2507851719856262,0.26328524947166443,0.3421907424926758,1533.223388671875,6.623741149902344,0.04426020383834839,-0.5097631395741895,1.591387019520695,0.14709749817848206,0.1352616250514984,0.17205935716629028,0.09736490249633789,0.07872581481933594,0.011194819837515078,8,0.9993474413385365,False,1,8,42,silu,0.01,5,l2,0.0,flowers,all,sgd,5.0
exp_b_T1_flowers_r8_s42_a149_softplus.pth,lora,0.5411937236785889,0.5951127409934998,0.5448657274246216,0.5969704389572144,0.6573425531387329,1285.5628662109375,3.764967441558838,0.025510204955935478,-0.24101149630583507,1.3165686165728006,0.3840533196926117,0.4374784827232361,0.3791200518608093,0.15714040398597717,0.16574567556381226,0.032896136063849835,2,0.9935093270174997,False,1,8,42,softplus,0.01,1,l2,0.0,flowers,,,
exp_b_T1_flowers_r8_s42_a149_softplus_lr0.1_vw5.pth,lora,0.3032456040382385,0.33227062225341797,0.3955925703048706,0.4154016077518463,0.6573425531387329,1134.208984375,14.771997451782227,0.4508928656578064,-0.9254735392445276,1.6724402826700366,0.14812874794006348,0.17622028291225433,0.23195436596870422,0.15511685609817505,0.16363820433616638,0.32896136063849835,2,0.67719785965901,False,1,8,42,softplus,0.1,1,l2,0.0,flowers,all,sgd,5.0
exp_b_T1_flowers_r8_s42_a149_softplus_lr0.3_vw5.pth,lora,0.29617905616760254,0.3242141604423523,0.3821709156036377,0.4045717716217041,0.6573425531387329,1119.328857421875,15.645386695861816,0.4993622303009033,-0.9279618342172824,1.6725498275249475,0.14144444465637207,0.16841325163841248,0.21893310546875,0.15473461151123047,0.1632378101348877,0.9868840819154948,2,0.3987588694031715,False,1,8,42,softplus,0.3,1,l2,0.0,flowers,all,sgd,5.0
exp_b_T1_flowers_r8_s42_a149_softplus_npc5_vw5.pth,lora,0.1527538150548935,0.13554535806179047,0.1850336641073227,0.162541002035141,0.3421907424926758,1626.994384765625,13.46045970916748,0.28354591131210327,-0.7946401034779942,1.6462750051126893,0.10937614738941193,0.07916481792926788,0.13778814673423767,0.04337766766548157,0.04724551737308502,0.028244460184653056,6,0.994549992676189,False,1,8,42,softplus,0.01,5,l2,0.0,flowers,all,sgd,5.0
exp_b_T1_flowers_r8_s42_a149_tanh.pth,lora,0.017036492004990578,0.012465067207813263,0.1389555037021637,0.09243705868721008,0.6573425531387329,1477.060546875,22.010568618774414,0.7863520383834839,-0.9117680784341052,1.6725562611378666,0.04461668059229851,0.047551244497299194,0.18305663764476776,-0.02758018858730793,-0.044101133942604065,0.07865046174130626,2,0.920047330973389,False,1,8,42,tanh,0.01,1,l2,0.0,flowers,,,
exp_b_T1_flowers_r8_s42_a149_tanh_lr0.1_vw5.pth,lora,0.017123181372880936,0.01281837746500969,0.1391451507806778,0.09297159314155579,0.6573425531387329,1477.177490234375,21.951309204101562,0.7793367505073547,-0.9118268800041057,1.6726937768157657,0.044796813279390335,0.04777201637625694,0.18315699696540833,-0.0276736319065094,-0.04401184618473053,0.7865046174130625,2,0.16677623345012654,False,1,8,42,tanh,0.1,1,l2,0.0,flowers,all,sgd,5.0
exp_b_T1_flowers_r8_s42_a149_tanh_lr0.3_vw5.pth,lora,0.01710245944559574,0.012821018695831299,0.13912947475910187,0.09298036992549896,0.6573425531387329,1477.392578125,21.97942352294922,0.7793367505073547,-0.9123157831786314,1.673829874532098,0.04487745836377144,0.047898318618535995,0.1832638680934906,-0.027774998918175697,-0.04413439333438873,2.359513852239188,2,0.03018085713096596,False,1,8,42,tanh,0.3,1,l2,0.0,flowers,all,sgd,5.0
exp_b_T1_flowers_r8_s42_a149_tanh_npc5_vw5.pth,lora,0.15810704231262207,0.15775658190250397,0.19816654920578003,0.18620970845222473,0.3421907424926758,1477.978271484375,13.360153198242188,0.3565050959587097,-0.8009817354924859,1.64305197015979,0.08925937116146088,0.07776820659637451,0.15000680088996887,0.0688476711511612,0.04815974831581116,0.038061632328344,5,0.9943729769670038,False,1,8,42,tanh,0.01,5,l2,0.0,flowers,all,sgd,5.0
exp_b_T1_r8_s42_a149_celu.pth,lora,0.023174501955509186,0.004579000174999237,0.150098979473114,0.056961141526699066,0.7630242109298706,1423.31103515625,19.672475814819336,0.5784438848495483,-1.0000134586299718,1.9980478344639747,0.03644958883523941,0.037701260298490524,0.10676190257072449,-0.013275086879730225,0.043337076902389526,0.12513425357299604,2,0.8081314248480684,False,1,8,42,celu,0.01,1,l2,0.0,mnist,all,sgd,1.0
exp_b_T1_r8_s42_a149_celu_lr0.005.pth,lora,0.019875705242156982,0.00690087303519249,0.11212680488824844,0.04171086475253105,0.7630242109298706,1423.4508056640625,19.385868072509766,0.5809949040412903,-1.0000147990231145,1.9980442324289727,0.03974055126309395,0.04934152215719223,0.09325963258743286,-0.019864846020936966,0.018867172300815582,0.06256712678649802,2,0.9403404246134223,False,1,8,42,celu,0.005,1,l2,0.0,mnist,all,sgd,1.0
exp_b_T1_r8_s42_a149_celu_lr0.02.pth,lora,0.020173024386167526,0.0001418665051460266,0.15171854197978973,0.048926256597042084,0.7630242109298706,1425.838623046875,19.474449157714844,0.6039540767669678,-1.0000677416663621,1.9980736878667735,0.03198925405740738,0.030209925025701523,0.10925402492284775,-0.011816229671239853,0.042464517056941986,0.2502685071459921,2,0.5567650171326558,False,1,8,42,celu,0.02,1,l2,0.0,mnist,all,sgd,1.0
exp_b_T1_r8_s42_a149_celu_npc5_lr0.02_vw5.pth,lora,0.1877920925617218,0.1853085160255432,0.4411369264125824,0.35466790199279785,0.563728928565979,1510.357666015625,10.147970199584961,0.40089285373687744,-1.000001339586846,1.7678450360812863,0.16125454008579254,0.15491323173046112,0.34740668535232544,0.02653755247592926,0.09373024106025696,0.04910487753620925,4,0.9935898000708502,False,1,8,42,celu,0.02,5,l2,0.0,mnist,all,sgd,5.0
exp_b_T1_r8_s42_a149_celu_npc5_vw5.pth,lora,0.21565409004688263,0.21218125522136688,0.4903833270072937,0.40582650899887085,0.563728928565979,1522.795166015625,8.498144149780273,0.36454081535339355,-0.9859529600778036,1.7672027393384058,0.18605387210845947,0.16948652267456055,0.3854144215583801,0.029600217938423157,0.10496890544891357,0.024552438768104624,4,0.9983740390935328,False,1,8,42,celu,0.01,5,l2,0.0,mnist,all,sgd,5.0
exp_b_T1_r8_s42_a149_elu.pth,lora,0.023174501955509186,0.004579000174999237,0.150098979473114,0.056961141526699066,0.7630242109298706,1423.31103515625,19.672475814819336,0.5784438848495483,-1.0000134586299718,1.9980478344639747,0.03644958883523941,0.037701260298490524,0.10676190257072449,-0.013275086879730225,0.043337076902389526,0.12513425357299604,2,0.8081314248480684,False,1,8,42,elu,0.01,1,l2,0.0,mnist,,,
exp_b_T1_r8_s42_a149_elu_lr0.005.pth,lora,0.019875705242156982,0.00690087303519249,0.11212680488824844,0.04171086475253105,0.7630242109298706,1423.4508056640625,19.385868072509766,0.5809949040412903,-1.0000147990231145,1.9980442324289727,0.03974055126309395,0.04934152215719223,0.09325963258743286,-0.019864846020936966,0.018867172300815582,0.06256712678649802,2,0.9403404246134223,False,1,8,42,elu,0.005,1,l2,0.0,mnist,all,sgd,1.0
exp_b_T1_r8_s42_a149_elu_lr0.02.pth,lora,0.020173024386167526,0.0001418665051460266,0.15171854197978973,0.048926256597042084,0.7630242109298706,1425.838623046875,19.474449157714844,0.6039540767669678,-1.0000677416663621,1.9980736878667735,0.03198925405740738,0.030209925025701523,0.10925402492284775,-0.011816229671239853,0.042464517056941986,0.2502685071459921,2,0.5567650171326558,False,1,8,42,elu,0.02,1,l2,0.0,mnist,all,sgd,1.0
exp_b_T1_r8_s42_a149_elu_lr0.03.pth,lora,0.01387060433626175,-0.0014020875096321106,0.12191387265920639,0.03855917602777481,0.7630242109298706,1428.0810546875,19.999923706054688,0.6211734414100647,-1.0001568997107915,1.9980942893323757,0.024570129811763763,0.026249133050441742,0.09046666324138641,-0.010699525475502014,0.03144720941781998,0.37540276071898815,2,0.4013043401978551,False,1,8,42,elu,0.03,1,l2,0.0,mnist,,,
exp_b_T1_r8_s42_a149_elu_lr0.1.pth,lora,0.023051634430885315,0.002417962998151779,0.10388906300067902,0.03052622079849243,0.7630242109298706,1424.6263427734375,20.439212799072266,0.6294642686843872,-1.0016247115069616,1.9986321943178686,0.03210088983178139,0.024571627378463745,0.07579606771469116,-0.009049255400896072,0.028092995285987854,1.2513425357299603,2,0.13096943409051853,False,1,8,42,elu,0.1,1,l2,0.0,mnist,,,
exp_b_T1_r8_s42_a149_elu_npc5_lr0.02_vw5.pth,lora,0.1877920925617218,0.1853085160255432,0.4411369264125824,0.35466790199279785,0.563728928565979,1510.357666015625,10.147970199584961,0.40089285373687744,-1.000001339586846,1.7678450360812863,0.16125454008579254,0.15491323173046112,0.34740668535232544,0.02653755247592926,0.09373024106025696,0.04910487753620925,4,0.9935898000708502,False,1,8,42,elu,0.02,5,l2,0.0,mnist,all,sgd,5.0
exp_b_T1_r8_s42_a149_elu_npc5_vw5.pth,lora,0.21565409004688263,0.21218125522136688,0.4903833270072937,0.40582650899887085,0.563728928565979,1522.795166015625,8.498144149780273,0.36454081535339355,-0.9859529600778036,1.7672027393384058,0.18605387210845947,0.16948652267456055,0.3854144215583801,0.029600217938423157,0.10496890544891357,0.024552438768104624,4,0.9983740390935328,False,1,8,42,elu,0.01,5,l2,0.0,mnist,all,sgd,5.0
exp_b_T1_r8_s42_a149_gelu.pth,lora,0.04127294570207596,0.02985425293445587,0.19819709658622742,0.08435560762882233,0.7630242109298706,1329.0765380859375,17.97730255126953,0.5625,-1.000012282920453,1.998044099624291,0.020253609865903854,0.017619838938117027,0.10256896913051605,0.021019335836172104,0.09562812745571136,0.03911104013818542,2,0.9647047550397643,False,1,8,42,gelu,0.01,1,l2,,mnist,,,
exp_b_T1_r8_s42_a149_gelu_lr0.005.pth,lora,0.05081299692392349,0.036881085485219955,0.27841365337371826,0.1299762725830078,0.7630242109298706,1319.994140625,17.182464599609375,0.5325255393981934,-1.0000039469559125,1.9980405839608257,0.027535531669855118,0.02284839190542698,0.15554143488407135,0.023277465254068375,0.12287221848964691,0.01955552006909271,2,0.990901768002272,False,1,8,42,gelu,0.005,1,l2,0.0,mnist,,,
exp_b_T1_r8_s42_a149_gelu_lr0.02.pth,lora,0.038474518805742264,0.027523422613739967,0.1663556545972824,0.06912169605493546,0.7630242109298706,1334.51318359375,18.33829116821289,0.574617326259613,-1.0000506966081864,1.9980599668370151,0.018289078027009964,0.015854258090257645,0.08561184257268906,0.0201854407787323,0.08074381202459335,0.07822208027637084,2,0.8753029384218315,False,1,8,42,gelu,0.02,1,l2,0.0,mnist,,,
exp_b_T1_r8_s42_a149_gelu_lr0.03.pth,lora,0.038059961050748825,0.02715863101184368,0.1601969599723816,0.06636855006217957,0.7630242109298706,1335.3021240234375,18.412052154541016,0.5835459232330322,-1.0001140022008423,1.9980858622532292,0.01798037812113762,0.015575219877064228,0.08231794834136963,0.020079582929611206,0.07787901163101196,0.11733312041455628,2,0.7656592601386689,False,1,8,42,gelu,0.03,1,l2,0.0,mnist,,,
exp_b_T1_r8_s42_a149_gelu_lr0.05.pth,lora,0.03838922828435898,0.027476705610752106,0.1642562448978424,0.06817268580198288,0.7630242109298706,1334.201171875,18.351049423217773,0.5860969424247742,-1.0003155976472253,1.9981671079855294,0.018110154196619987,0.01574135012924671,0.08438430726528168,0.02027907408773899,0.07987193763256073,0.19555520069092713,2,0.5715605038822553,False,1,8,42,gelu,0.05,1,l2,0.0,mnist,all,sgd,1.0
exp_b_T1_r8_s42_a149_gelu_lr0.1.pth,lora,0.03837776184082031,0.02748957648873329,0.1649685949087143,0.06846609711647034,0.7630242109298706,1334.129150390625,18.346220016479492,0.5880101919174194,-1.0012634931802094,1.998548237380623,0.018196072429418564,0.015852315351366997,0.08478815853595734,0.02018168941140175,0.08018043637275696,0.39111040138185427,2,0.3267390080655188,False,1,8,42,gelu,0.1,1,l2,0.0,mnist,,,
exp_b_T1_r8_s42_a149_gelu_lr0.3.pth,lora,0.03806540369987488,0.027095139026641846,0.16383787989616394,0.06772232055664062,0.7630242109298706,1334.414306640625,18.407310485839844,0.5918367505073547,-1.0113469917598794,2.002617626353948,0.018209073692560196,0.015673276036977768,0.08427731692790985,0.019856330007314682,0.07956056296825409,1.1733312041455626,2,0.1329017777160192,False,1,8,42,gelu,0.3,1,l2,0.0,mnist,,,
exp_b_T1_r8_s42_a149_gelu_npc16_vw5.pth,lora,0.17823836207389832,0.1780465692281723,0.4851595163345337,0.4040836989879608,0.40075942873954773,1550.050537109375,7.564311981201172,0.25366708636283875,-0.6073294890942146,1.732861739423837,0.16654925048351288,0.16814689338207245,0.4672122895717621,0.011689111590385437,0.017947226762771606,0.0034408664195019886,8,0.9999766317626073,True,1,8,42,gelu,0.01,16,l2,0.0,mnist,all,sgd,5.0
exp_b_T1_r8_s42_a149_gelu_npc2.pth,lora,0.05537942796945572,0.03506295010447502,0.15603497624397278,0.06693530082702637,0.6738914847373962,1485.1539306640625,18.657245635986328,0.6144770383834839,-1.000005590926095,1.7460793816392033,0.03787289932370186,0.019948402419686317,0.07252887636423111,0.01750652864575386,0.08350609987974167,0.018706256020228247,4,0.9966488013742935,False,1,8,42,gelu,0.01,2,l2,0.0,mnist,all,sgd,1.0
exp_b_T1_r8_s42_a149_gelu_npc2_lr0.005.pth,lora,0.16326431930065155,0.1363675892353058,0.3831380605697632,0.24674153327941895,0.6738914847373962,1469.856201171875,12.852279663085938,0.4888392984867096,-0.9999991805882211,1.7459677716209137,0.12249477207660675,0.08618329465389252,0.20190787315368652,0.0407695472240448,0.18123018741607666,0.009353128010114124,4,0.9991590374954387,True,1,8,42,gelu,0.005,2,l2,0.0,mnist,all,sgd,1.0
exp_b_T1_r8_s42_a149_gelu_npc2_lr0.02.pth,lora,0.03845617547631264,0.026038752868771553,0.07560071349143982,0.03206261247396469,0.6738914847373962,1471.02197265625,20.71326446533203,0.641581654548645,-1.0000099911446103,1.7460824541526894,0.0188868660479784,0.009003764018416405,0.036611445248126984,0.019569309428334236,0.038989268243312836,0.037412512040456494,4,0.986878895442493,False,1,8,42,gelu,0.02,2,l2,0.0,mnist,all,sgd,1.0
exp_b_T1_r8_s42_a149_gelu_npc2_lr0.05.pth,lora,0.03552819788455963,0.024520691484212875,0.050154514610767365,0.026793407276272774,0.6738914847373962,1466.935546875,21.704906463623047,0.6715561151504517,-1.0000624963459928,1.746101673236105,0.015903472900390625,0.006864605471491814,0.026206383481621742,0.019624724984169006,0.023948131129145622,0.09353128010114123,4,0.9298856488355085,False,1,8,42,gelu,0.05,2,l2,0.0,mnist,all,sgd,1.0
exp_b_T1_r8_s42_a149_gelu_npc2_lr0.1.pth,lora,0.035423651337623596,0.02438787743449211,0.04905916750431061,0.026585586369037628,0.6738914847373962,1467.90625,21.74785041809082,0.6808035969734192,-1.0002505607475665,1.7461706844062586,0.015618563629686832,0.0063521782867610455,0.02542850561439991,0.019805087707936764,0.023630661889910698,0.18706256020228246,4,0.8138347043185715,False,1,8,42,gelu,0.1,2,l2,0.0,mnist,all,sgd,1.0
exp_b_T1_r8_s42_a149_gelu_npc32_vw5.pth,lora,0.16755467653274536,0.16335850954055786,0.4804934859275818,0.39665383100509644,0.4060277044773102,1562.16796875,7.062029838562012,0.23993542790412903,-0.13021263529810925,0.7725235528444724,0.16109326481819153,0.15594452619552612,0.4560222625732422,0.006461411714553833,0.0244712233543396,0.003318438446649753,8,0.9999846204594859,True,1,8,42,gelu,0.01,32,l2,0.0,mnist,all,sgd,5.0
exp_b_T1_r8_s42_a149_gelu_npc4.pth,lora,0.18157076835632324,0.15413831174373627,0.3844303488731384,0.2743212878704071,0.566837728023529,1553.3336181640625,11.64119815826416,0.4638074040412903,-1.0000020132876137,1.7112133736626205,0.16509422659873962,0.13298511505126953,0.31375861167907715,0.016476541757583618,0.07067173719406128,0.0092875687267097,7,0.9994975873331281,True,1,8,42,gelu,0.01,4,l2,0.0,mnist,all,sgd,1.0
exp_b_T1_r8_s42_a149_gelu_npc4_lr0.005.pth,lora,0.26532673835754395,0.25365912914276123,0.5369907021522522,0.4502674639225006,0.566837728023529,1473.5328369140625,7.360930442810059,0.33338648080825806,-0.7971405629755196,1.604980102685507,0.22147707641124725,0.19351103901863098,0.4363136291503906,0.04384966194629669,0.10067707300186157,0.00464378436335485,7,0.9998743631207885,True,1,8,42,gelu,0.005,4,l2,0.0,mnist,all,sgd,1.0
exp_b_T1_r8_s42_a149_gelu_npc4_lr0.02.pth,lora,0.11880763620138168,0.11228251457214355,0.25527894496917725,0.18908776342868805,0.566837728023529,1552.8310546875,14.828152656555176,0.5204081535339355,-1.0000121531569668,1.7139969681010858,0.10166984051465988,0.08925072103738785,0.23771171271800995,0.017137795686721802,0.017567232251167297,0.0185751374534194,7,0.9979975818685356,False,1,8,42,gelu,0.02,4,l2,0.0,mnist,all,sgd,1.0
exp_b_T1_r8_s42_a149_gelu_npc4_lr0.05.pth,lora,0.07952655851840973,0.061953045427799225,0.16125217080116272,0.10310430824756622,0.566837728023529,1564.4759521484375,19.499666213989258,0.6020408272743225,-1.0000163101013422,1.7196084528752156,0.07238640636205673,0.05242504924535751,0.16728851199150085,0.007140152156352997,-0.006036341190338135,0.04643784363354851,7,0.9879090150597605,False,1,8,42,gelu,0.05,4,l2,0.0,mnist,all,sgd,1.0
exp_b_T1_r8_s42_a149_gelu_npc4_lr0.1.pth,lora,0.05685057491064072,0.041717372834682465,0.13001206517219543,0.067357137799263,0.566837728023529,1557.3021240234375,21.224790573120117,0.6565688848495483,-1.0000647336827724,1.7196102861463163,0.04999697208404541,0.033261287957429886,0.13831867277622223,0.006853602826595306,-0.008306607604026794,0.09287568726709702,7,0.9571753386177028,False,1,8,42,gelu,0.1,4,l2,0.0,mnist,all,sgd,1.0
exp_b_T1_r8_s42_a149_gelu_npc5.pth,lora,0.2360324114561081,0.22137673199176788,0.4940977096557617,0.4001007080078125,0.563728928565979,1535.2747802734375,8.181543350219727,0.36313775181770325,-0.9977563049607648,1.7485328686533395,0.2035016566514969,0.18002572655677795,0.38270530104637146,0.032530754804611206,0.11139240860939026,0.00772391296120951,8,0.9997370352169771,True,1,8,42,gelu,0.01,5,l2,0.0,mnist,,,
exp_b_T1_r8_s42_a149_gelu_npc5_lr0.02.pth,lora,0.17729933559894562,0.17190133035182953,0.3962000906467438,0.31022992730140686,0.563728928565979,1531.208251953125,10.72052001953125,0.4168367385864258,-1.0000002475332013,1.7678429717881992,0.1535162776708603,0.14303123950958252,0.3229721486568451,0.023783057928085327,0.07322794198989868,0.01544782592241902,8,0.9989506101426594,False,1,8,42,gelu,0.02,5,l2,0.0,mnist,,,
exp_b_T1_r8_s42_a149_gelu_npc5_vw5.pth,lora,0.2360324114561081,0.22137673199176788,0.4940977096557617,0.4001007080078125,0.563728928565979,1535.2747802734375,8.181543350219727,0.36313775181770325,-0.9977563049607648,1.7485328686533395,0.2035016566514969,0.18002572655677795,0.38270530104637146,0.032530754804611206,0.11139240860939026,0.00772391296120951,8,0.9997370352169771,True,1,8,42,gelu,0.01,5,l2,0.0,mnist,all,sgd,5.0
exp_b_T1_r8_s42_a149_gelu_npc8.pth,lora,0.1954554170370102,0.1922435760498047,0.4784865975379944,0.39237529039382935,0.44787657260894775,1552.10693359375,7.773175239562988,0.28427934646606445,-0.9517049150415726,1.645287248510622,0.173604354262352,0.16638857126235962,0.4285898506641388,0.021851062774658203,0.04989674687385559,0.004759037182218212,8,0.9999348836032962,True,1,8,42,gelu,0.01,8,l2,0.0,mnist,all,sgd,1.0
exp_b_T1_r8_s42_a149_gelu_npc8_lr0.005.pth,lora,0.18757197260856628,0.19748513400554657,0.4903686046600342,0.42017096281051636,0.44787657260894775,1573.38232421875,6.9467949867248535,0.2516741156578064,-0.122286800518616,0.7723811009251355,0.17121465504169464,0.17502616345882416,0.44061949849128723,0.016357317566871643,0.04974910616874695,0.002379518591109106,8,0.9999837238817829,True,1,8,42,gelu,0.005,8,l2,0.0,mnist,all,sgd,1.0
exp_b_T1_r8_s42_a149_gelu_npc8_lr0.02.pth,lora,0.1617608219385147,0.15956971049308777,0.40838927030563354,0.32066142559051514,0.44787657260894775,1556.9674072265625,9.673962593078613,0.33968430757522583,-0.9999986093415043,1.7263987235410818,0.14390157163143158,0.14102068543434143,0.3689337968826294,0.01785925030708313,0.03945547342300415,0.009518074364436423,8,0.9997396211428975,True,1,8,42,gelu,0.02,8,l2,0.0,mnist,all,sgd,1.0
exp_b_T1_r8_s42_a149_gelu_npc8_lr0.05.pth,lora,0.14209283888339996,0.1243172436952591,0.29670870304107666,0.23320819437503815,0.44787657260894775,1597.4075927734375,12.417450904846191,0.4229910671710968,-1.0000019037567829,1.726473491155938,0.13425453007221222,0.11630426347255707,0.29359787702560425,0.007838308811187744,0.003110826015472412,0.02379518591109106,8,0.9983832765588703,False,1,8,42,gelu,0.05,8,l2,0.0,mnist,all,sgd,1.0
exp_b_T1_r8_s42_a149_gelu_npc8_lr0.1.pth,lora,0.11685721576213837,0.0975373163819313,0.2696147859096527,0.19181670248508453,0.44787657260894775,1584.1402587890625,14.980453491210938,0.49075254797935486,-1.0000099034979695,1.7264818667831598,0.10550517588853836,0.08535272628068924,0.2624707818031311,0.011352039873600006,0.0071440041065216064,0.04759037182218212,8,0.9937157313713969,False,1,8,42,gelu,0.1,8,l2,0.0,mnist,all,sgd,1.0
exp_b_T1_r8_s42_a149_gelu_npc8_vw5.pth,lora,0.20152747631072998,0.20235759019851685,0.48810046911239624,0.41183701157569885,0.44787657260894775,1543.1495361328125,7.4078369140625,0.2701690196990967,-0.6885740824741651,1.6340236116321543,0.17896434664726257,0.17477010190486908,0.4401487112045288,0.022563129663467407,0.04795175790786743,0.004759037182218212,8,0.9999348836032962,True,1,8,42,gelu,0.01,8,l2,0.0,mnist,all,sgd,5.0
exp_b_T1_r8_s42_a149_gelu_tanh.pth,lora,0.04114736616611481,0.029709290713071823,0.19802460074424744,0.08420322835445404,0.7630242109298706,1329.158447265625,17.979339599609375,0.5631377696990967,-1.000012690935856,1.998044430853172,0.020260769873857498,0.01766112446784973,0.1026427149772644,0.02088659629225731,0.09538188576698303,0.03911033532800646,2,0.9647087267811858,False,1,8,42,gelu_tanh,0.01,1,l2,0.0,mnist,,,
exp_b_T1_r8_s42_a149_gelu_tanh_lr0.005.pth,lora,0.057817548513412476,0.04289852827787399,0.31214484572410583,0.15172511339187622,0.7630242109298706,1313.22802734375,16.806833267211914,0.5331632494926453,-1.0000029368220906,1.998041516021636,0.032432377338409424,0.026942454278469086,0.1830468475818634,0.025385171175003052,0.12909799814224243,0.01955516766400323,2,0.9909026455518636,False,1,8,42,gelu_tanh,0.005,1,l2,0.0,mnist,,,
exp_b_T1_r8_s42_a149_gelu_tanh_lr0.02.pth,lora,0.03847363218665123,0.027514155954122543,0.1664147824048996,0.06915638595819473,0.7630242109298706,1334.6058349609375,18.33899688720703,0.5752550959587097,-1.0000508459610513,1.998059221821844,0.018294040113687515,0.015856053680181503,0.08566979318857193,0.020179592072963715,0.08074498921632767,0.07822067065601292,2,0.8753225407073237,False,1,8,42,gelu_tanh,0.02,1,l2,0.0,mnist,all,sgd,1.0
exp_b_T1_r8_s42_a149_gelu_tanh_lr0.03.pth,lora,0.03808390721678734,0.027187064290046692,0.16065335273742676,0.06659774482250214,0.7630242109298706,1335.28564453125,18.40560531616211,0.5797193646430969,-1.0001135107166141,1.9980856644340865,0.01800452545285225,0.015616649761795998,0.08255878835916519,0.02007938176393509,0.07809456437826157,0.11733100598401935,2,0.7657028004643688,False,1,8,42,gelu_tanh,0.03,1,l2,0.0,mnist,,,
exp_b_T1_r8_s42_a149_gelu_tanh_lr0.1.pth,lora,0.03838121145963669,0.02749495394527912,0.16500267386436462,0.06849899888038635,0.7630242109298706,1334.18798828125,18.346294403076172,0.5867347121238708,-1.0012622813269823,1.9985485760581954,0.01819790154695511,0.01585789956152439,0.08481395244598389,0.02018330991268158,0.08018872141838074,0.39110335328006457,2,0.32674325964868717,False,1,8,42,gelu_tanh,0.1,1,l2,0.0,mnist,,,
exp_b_T1_r8_s42_a149_gelu_tanh_lr0.3.pth,lora,0.038071658462285995,0.027103988453745842,0.163929283618927,0.06778068095445633,0.7630242109298706,1334.4583740234375,18.406505584716797,0.5918367505073547,-1.0113421980275763,2.00261049658505,0.018213219940662384,0.015683945268392563,0.08433511853218079,0.01985843852162361,0.07959416508674622,1.1733100598401935,2,0.13290197458559655,False,1,8,42,gelu_tanh,0.3,1,l2,0.0,mnist,,,
exp_b_T1_r8_s42_a149_gelu_tanh_npc5_lr0.02_vw5.pth,lora,0.17594143748283386,0.1709623783826828,0.39209556579589844,0.30784377455711365,0.563728928565979,1532.536376953125,10.779212951660156,0.4161989688873291,-1.0000006352590376,1.7678440128709956,0.15257495641708374,0.14241161942481995,0.32134413719177246,0.023366481065750122,0.07075142860412598,0.015447868953189642,8,0.9989507150075488,False,1,8,42,gelu_tanh,0.02,5,l2,0.0,mnist,all,sgd,5.0
exp_b_T1_r8_s42_a149_gelu_tanh_npc5_vw5.pth,lora,0.23960356414318085,0.22863808274269104,0.5106524229049683,0.4223178029060364,0.563728928565979,1529.12841796875,7.7621283531188965,0.34489795565605164,-0.9994790337431337,1.7667243251061,0.20649556815624237,0.18455901741981506,0.40554529428482056,0.03310799598693848,0.1051071286201477,0.007723934476594821,8,0.9997370608032216,True,1,8,42,gelu_tanh,0.01,5,l2,0.0,mnist,all,sgd,5.0
exp_b_T1_r8_s42_a149_hardswish.pth,lora,0.0557873472571373,0.03271608054637909,0.3618572950363159,0.1714918315410614,0.7630242109298706,1380.132080078125,17.483123779296875,0.5644132494926453,-1.000005914587043,1.9980414511298663,0.04651465639472008,0.037577081471681595,0.2504521608352661,0.009272690862417221,0.1114051342010498,0.03480738839821102,2,0.9802242731855189,False,1,8,42,hardswish,0.01,1,l2,0.0,mnist,all,sgd,1.0
exp_b_T1_r8_s42_a149_hardswish_lr0.005.pth,lora,0.10731073468923569,0.062353141605854034,0.4212600588798523,0.23258379101753235,0.7630242109298706,1370.11474609375,15.640588760375977,0.5070152878761292,-1.0000024712091573,1.9980301997647407,0.08829928934574127,0.06191476806998253,0.3453063368797302,0.019011445343494415,0.07595372200012207,0.01740369419910551,2,0.9949664312441191,False,1,8,42,hardswish,0.005,1,l2,0.0,mnist,all,sgd,1.0
exp_b_T1_r8_s42_a149_hardswish_lr0.02.pth,lora,0.04497405141592026,0.025061309337615967,0.30271828174591064,0.1352713257074356,0.7630242109298706,1384.49951171875,18.156021118164062,0.5860969424247742,-1.000022579509876,1.9980486346214927,0.0386984646320343,0.03054848499596119,0.1959129422903061,0.006275586783885956,0.10680533945560455,0.06961477679642204,2,0.926468343828613,False,1,8,42,hardswish,0.02,1,l2,0.0,mnist,all,sgd,1.0
exp_b_T1_r8_s42_a149_hardswish_npc5_lr0.02_vw5.pth,lora,0.20535917580127716,0.18661481142044067,0.4671512544155121,0.3539888262748718,0.563728928565979,1538.14990234375,9.992274284362793,0.40854591131210327,-0.9999826085920944,1.7645243657823166,0.176508828997612,0.1545010507106781,0.3497675657272339,0.02885034680366516,0.1173836886882782,0.013700660496125498,8,0.999479037829561,False,1,8,42,hardswish,0.02,5,l2,0.0,mnist,all,sgd,5.0
exp_b_T1_r8_s42_a149_hardswish_npc5_vw5.pth,lora,0.24261407554149628,0.23813486099243164,0.5246578454971313,0.45028916001319885,0.563728928565979,1549.3309326171875,7.220957279205322,0.3186224400997162,-0.7841176857828238,1.6876888912992842,0.20879480242729187,0.19078436493873596,0.4245152473449707,0.03381927311420441,0.10014259815216064,0.006850330248062749,8,0.9998695960830027,True,1,8,42,hardswish,0.01,5,l2,0.0,mnist,all,sgd,5.0
exp_b_T1_r8_s42_a149_leaky_relu.pth,lora,0.7467194199562073,0.7355130910873413,0.8403137922286987,0.7917870283126831,0.7630242109298706,1107.2508544921875,2.6989686489105225,0.39158162474632263,-0.038988932644832816,1.0579896471079338,0.5650684237480164,0.4582437574863434,0.2979359030723572,0.18165099620819092,0.5423778891563416,0.11222985291329704,2,0.6277713900430184,False,1,8,42,leaky_relu,0.01,1,l2,0.0,mnist,all,sgd,1.0
exp_b_T1_r8_s42_a149_leaky_relu_lr0.005.pth,lora,0.5787408351898193,0.609943151473999,0.8088128566741943,0.7906957864761353,0.7630242109298706,83.04486083984375,2.8176941871643066,0.39923468232154846,-0.06190588772290474,1.0269715183916202,0.4007694721221924,0.3462481200695038,0.3253588080406189,0.17797136306762695,0.48345404863357544,0.05611492645664852,2,0.7447755238341094,False,1,8,42,leaky_relu,0.005,1,l2,0.0,mnist,all,sgd,1.0
exp_b_T1_r8_s42_a149_leaky_relu_lr0.02.pth,lora,0.7467194199562073,0.7355130910873413,0.8403137922286987,0.7917870283126831,0.7630242109298706,1107.2508544921875,2.6989686489105225,0.39158162474632263,-0.038988932644832816,1.0579896471079338,0.5650684237480164,0.4582437574863434,0.2979359030723572,0.18165099620819092,0.5423778891563416,0.22445970582659408,2,0.4522796503053341,False,1,8,42,leaky_relu,0.02,1,l2,0.0,mnist,all,sgd,1.0
exp_b_T1_r8_s42_a149_leaky_relu_npc5_lr0.02_vw5.pth,lora,0.2751874625682831,0.2929183542728424,0.5640377402305603,0.5108414888381958,0.563728928565979,1331.4735107421875,5.992482662200928,0.30204081535339355,-0.12228759548189122,0.9590798870958922,0.23298700153827667,0.22457745671272278,0.44226422905921936,0.04220046103000641,0.12177351117134094,0.04102974093952426,7,0.9338390777284382,False,1,8,42,leaky_relu,0.02,5,l2,0.0,mnist,all,sgd,5.0
exp_b_T1_r8_s42_a149_leaky_relu_npc5_vw5.pth,lora,0.318752259016037,0.32554715871810913,0.5758273601531982,0.5113717317581177,0.563728928565979,1453.49853515625,5.9842095375061035,0.31403061747550964,-0.1410321599333352,1.117277394754519,0.270394891500473,0.24683168530464172,0.4142809808254242,0.048357367515563965,0.16154637932777405,0.02051487046976213,7,0.9654293080722609,False,1,8,42,leaky_relu,0.01,5,l2,0.0,mnist,all,sgd,5.0
exp_b_T1_r8_s42_a149_mish.pth,lora,0.036997780203819275,0.025154415518045425,0.19625341892242432,0.07984684407711029,0.7630242109298706,1359.040283203125,18.611621856689453,0.5841836929321289,-1.0000187658427766,1.9980454081901173,0.026036206632852554,0.024584949016571045,0.11059263348579407,0.01096157357096672,0.08566078543663025,0.05406422529475677,2,0.9472199777456629,False,1,8,42,mish,0.01,1,l2,0.0,mnist,,,
exp_b_T1_r8_s42_a149_mish_lr0.005.pth,lora,0.04398045688867569,0.03178669884800911,0.2814042568206787,0.12820419669151306,0.7630242109298706,1352.40087890625,17.740489959716797,0.5612244606018066,-1.0000117080846398,1.998041344611905,0.03243222087621689,0.03120104968547821,0.17435073852539062,0.011548236012458801,0.10705351829528809,0.027032112647378384,2,0.9861370715801123,False,1,8,42,mish,0.005,1,l2,0.0,mnist,,,
exp_b_T1_r8_s42_a149_mish_lr0.02.pth,lora,0.03669881448149681,0.024640286341309547,0.17438459396362305,0.07058833539485931,0.7630242109298706,1359.909423828125,18.834165573120117,0.5969387888908386,-1.0000754673059267,1.9980642247136864,0.02546745166182518,0.02361021749675274,0.0968049094080925,0.01123136281967163,0.07757968455553055,0.10812845058951354,2,0.8239556284920472,False,1,8,42,mish,0.02,1,l2,0.0,mnist,,,
exp_b_T1_r8_s42_a149_mish_lr0.03.pth,lora,0.03724999725818634,0.025218181312084198,0.1808483898639679,0.07401078194379807,0.7630242109298706,1358.77294921875,18.78196144104004,0.6020408272743225,-1.000170311468569,1.9980946805439486,0.025723030790686607,0.02401951514184475,0.10028666257858276,0.011526966467499733,0.08056172728538513,0.16219267588427033,2,0.6890488843604081,False,1,8,42,mish,0.03,1,l2,0.0,mnist,,,
exp_b_T1_r8_s42_a149_mish_lr0.1.pth,lora,0.03720115125179291,0.025252554565668106,0.18159320950508118,0.07440327107906342,0.7630242109298706,1358.676025390625,18.782608032226562,0.6096938848495483,-1.0018889660488415,1.9986525281969052,0.025784943252801895,0.024126023054122925,0.10076754540205002,0.011416207998991013,0.08082566410303116,0.5406422529475677,2,0.25890518049315026,False,1,8,42,mish,0.1,1,l2,0.0,mnist,,,
exp_b_T1_r8_s42_a149_mish_lr0.3.pth,lora,0.03668530285358429,0.02488415129482746,0.18040671944618225,0.07383224368095398,0.7630242109298706,1359.109130859375,18.865877151489258,0.610331654548645,-1.0169207889967964,2.0035512350804017,0.025637522339820862,0.0239262618124485,0.10014407336711884,0.011047780513763428,0.08026264607906342,1.621926758842703,2,0.10429042639732644,False,1,8,42,mish,0.3,1,l2,0.0,mnist,,,
exp_b_T1_r8_s42_a149_mish_npc5_lr0.02_vw5.pth,lora,0.1743771731853485,0.17093688249588013,0.3989168405532837,0.31484636664390564,0.563728928565979,1514.639404296875,10.883387565612793,0.4214285612106323,-1.0000030776180364,1.767843353810425,0.14826451241970062,0.13981226086616516,0.3247937262058258,0.026112660765647888,0.07412311434745789,0.021440311058282722,8,0.9984564536877862,False,1,8,42,mish,0.02,5,l2,0.0,mnist,all,sgd,5.0
exp_b_T1_r8_s42_a149_mish_npc5_vw5.pth,lora,0.2333148717880249,0.22175201773643494,0.5017073154449463,0.41213250160217285,0.563728928565979,1528.9307861328125,8.058198928833008,0.35012754797935486,-0.9998219410092634,1.7400113011506713,0.20029640197753906,0.17867298424243927,0.39208850264549255,0.03301846981048584,0.10961881279945374,0.010720155529141361,8,0.999612571499302,False,1,8,42,mish,0.01,5,l2,0.0,mnist,all,sgd,5.0
exp_b_T1_r8_s42_a149_npc16.pth,lora,0.15025770664215088,0.1518915295600891,0.40676018595695496,0.3337794542312622,0.40075942873954773,1529.025390625,9.31898307800293,0.3191964328289032,-1.0000001354962516,1.732966317086301,0.13932007551193237,0.14371249079704285,0.40418288111686707,0.010937631130218506,0.0025773048400878906,0.008337157467079609,8,0.9926872258268085,True,1,8,42,,0.01,16,l2,0.0,mnist,,,
exp_b_T1_r8_s42_a149_npc2.pth,lora,0.18626642227172852,0.19129213690757751,0.37256669998168945,0.30407649278640747,0.6738914847373962,1476.5,10.640509605407715,0.44834184646606445,-1.0000366683976551,1.7461070754111299,0.12236364185810089,0.10248170047998428,0.1497834473848343,0.06390278041362762,0.22278325259685516,0.056523861052380116,4,0.8457788210766674,False,1,8,42,,0.01,2,l2,0.0,mnist,,,
exp_b_T1_r8_s42_a149_npc4.pth,lora,0.22729361057281494,0.22201991081237793,0.47600215673446655,0.3997359871864319,0.566837728023529,1496.078857421875,8.075508117675781,0.3789859712123871,-0.9416759280468305,1.7141048218515622,0.18663319945335388,0.16789793968200684,0.3642406463623047,0.04066041111946106,0.11176151037216187,0.02584107476850535,6,0.9413584446834563,False,1,8,42,,0.01,4,l2,0.0,mnist,,,
exp_b_T1_r8_s42_a149_npc8.pth,lora,0.1894940286874771,0.19108127057552338,0.4519788324832916,0.3777148723602295,0.44787657260894775,1517.08544921875,8.0464506149292,0.3120216727256775,-0.9999997611824623,1.6906826128465577,0.16180534660816193,0.15828168392181396,0.39014241099357605,0.027688682079315186,0.061836421489715576,0.013157395925878642,7,0.9817528634159103,False,1,8,42,,0.01,8,l2,0.0,mnist,,,
exp_b_T1_r8_s42_a149_relu.pth,lora,0.7770352363586426,0.7415937185287476,0.8515381813049316,0.7846919298171997,0.7630242109298706,1393.9794921875,2.8181769847869873,0.43494898080825806,-0.07222768495241644,1.0659089641839592,0.5879088044166565,0.4651435613632202,0.2639636993408203,0.18912643194198608,0.5875744819641113,0.11288470904747322,2,0.622910163088729,False,1,8,42,relu,0.01,1,l2,0.0,mnist,all,sgd,1.0
exp_b_T1_r8_s42_a149_relu_lr0.005.pth,lora,0.7563962340354919,0.7133937478065491,0.8289870023727417,0.7503129243850708,0.7630242109298706,1523.781494140625,3.594078302383423,0.4477040767669678,-0.1712921830840004,1.1603314787575956,0.5853954553604126,0.46274563670158386,0.24103057384490967,0.17100077867507935,0.587956428527832,0.05644235452373661,2,0.7384779961734155,False,1,8,42,relu,0.005,1,l2,0.0,mnist,all,sgd,1.0
exp_b_T1_r8_s42_a149_relu_lr0.02.pth,lora,0.777034342288971,0.7415927648544312,0.8515379428863525,0.784691333770752,0.7630242109298706,1393.982666015625,2.8181822299957275,0.43494898080825806,-0.07222764243938817,1.0659085559639687,0.5879080295562744,0.46514296531677246,0.2639630138874054,0.18912631273269653,0.5875749289989471,0.22576941809494644,2,0.4488407556859271,False,1,8,42,relu,0.02,1,l2,0.0,mnist,all,sgd,1.0
exp_b_T1_r8_s42_a149_relu_npc5_lr0.02_vw5.pth,lora,0.34885120391845703,0.33941155672073364,0.5840114951133728,0.5119657516479492,0.563728928565979,1438.8944091796875,6.1034650802612305,0.3316326439380646,-0.19192445635633237,1.1893241389144056,0.29150792956352234,0.25351548194885254,0.36939120292663574,0.05734327435493469,0.21462029218673706,0.04052156546983828,7,0.9333939018182831,False,1,8,42,relu,0.02,5,l2,0.0,mnist,all,sgd,5.0
exp_b_T1_r8_s42_a149_relu_npc5_vw5.pth,lora,0.27602195739746094,0.29384875297546387,0.5645278692245483,0.5114418864250183,0.563728928565979,1326.980224609375,5.990989685058594,0.3017857074737549,-0.1222876660374291,0.9462240253187217,0.23364803194999695,0.22514395415782928,0.4424803853034973,0.04237392544746399,0.12204748392105103,0.020260782734919144,7,0.9651787605113514,False,1,8,42,relu,0.01,5,l2,0.0,mnist,all,sgd,5.0
exp_b_T1_r8_s42_a149_selu.pth,lora,0.5461466312408447,0.5879369974136353,0.7954241037368774,0.7908864617347717,0.7630242109298706,113.86444091796875,2.9232494831085205,0.3934949040412903,-0.07490302446108514,1.0435949415505419,0.37044328451156616,0.3216681480407715,0.30194973945617676,0.17570334672927856,0.4934743642807007,0.18434679609771262,2,0.6469054001433233,False,1,8,42,selu,0.01,1,l2,0.0,mnist,all,sgd,1.0
exp_b_T1_r8_s42_a149_selu_lr0.005.pth,lora,0.547020673751831,0.5892634987831116,0.7969070672988892,0.7944182753562927,0.7630242109298706,89.97406005859375,2.8369357585906982,0.3979591727256775,-0.07370596261418015,1.0240460593501248,0.36837196350097656,0.32055315375328064,0.3099851906299591,0.1786487102508545,0.48692187666893005,0.09217339804885631,2,0.8447675239998362,False,1,8,42,selu,0.005,1,l2,0.0,mnist,all,sgd,1.0
exp_b_T1_r8_s42_a149_selu_lr0.02.pth,lora,0.5461466312408447,0.5879369974136353,0.7954241037368774,0.7908864617347717,0.7630242109298706,113.86444091796875,2.9232494831085205,0.3934949040412903,-0.07490302446108509,1.0435949415505419,0.37044328451156616,0.3216681480407715,0.30194973945617676,0.17570334672927856,0.4934743642807007,0.36869359219542525,2,0.3868845246139869,False,1,8,42,selu,0.02,1,l2,0.0,mnist,all,sgd,1.0
exp_b_T1_r8_s42_a149_selu_npc5_lr0.02_vw5.pth,lora,0.27202722430229187,0.2887812554836273,0.5629273653030396,0.5105797648429871,0.563728928565979,1316.074462890625,6.034390926361084,0.3007653057575226,-0.12228680052037814,0.9819856159002072,0.2304246425628662,0.2215345799922943,0.44284191727638245,0.04160258173942566,0.1200854480266571,0.07205084235508703,4,0.9693331723844445,False,1,8,42,selu,0.02,5,l2,0.0,mnist,all,sgd,5.0
exp_b_T1_r8_s42_a149_selu_npc5_vw5.pth,lora,0.2735707759857178,0.28999656438827515,0.5629855990409851,0.5104007720947266,0.563728928565979,1316.2216796875,6.038010597229004,0.3005101978778839,-0.12228680052067367,0.9906049877922027,0.23172640800476074,0.2221698760986328,0.44447845220565796,0.04184436798095703,0.11850714683532715,0.036025421177543517,4,0.983956811664302,False,1,8,42,selu,0.01,5,l2,0.0,mnist,all,sgd,5.0
exp_b_T1_r8_s42_a149_sigmoid.pth,lora,0.49712246656417847,0.4916006028652191,0.6371994018554688,0.6135814189910889,0.7630242109298706,1140.37890625,4.540542125701904,0.4247449040412903,-0.3538231366506958,1.1934292192699731,0.38229772448539734,0.3039968013763428,0.4038451910018921,0.11482474207878113,0.23335421085357666,0.00692179524319574,2,0.9997294322700816,True,1,8,42,sigmoid,0.01,1,l2,0.0,mnist,,,
exp_b_T1_r8_s42_a149_sigmoid_lr0.005.pth,lora,0.36348575353622437,0.3687240779399872,0.647372841835022,0.5785813331604004,0.7630242109298706,1549.493896484375,4.865365982055664,0.39859694242477417,-0.122286800518616,1.0480357455720788,0.25432443618774414,0.20923224091529846,0.2831118702888489,0.10916131734848022,0.3642609715461731,0.00346089762159787,2,0.999932248648026,True,1,8,42,sigmoid,0.005,1,l2,0.0,mnist,,,
exp_b_T1_r8_s42_a149_sigmoid_lr0.02.pth,lora,0.499026358127594,0.4938535690307617,0.639089822769165,0.6156909465789795,0.7630242109298706,1139.4915771484375,4.522897720336914,0.42155611515045166,-0.35332674310704165,1.1918070000332588,0.3835241198539734,0.3049547076225281,0.4040173590183258,0.1155022382736206,0.23507246375083923,0.01384359048639148,2,0.9989237745740875,False,1,8,42,sigmoid,0.02,1,l2,0.0,mnist,,,
exp_b_T1_r8_s42_a149_sigmoid_npc5.pth,lora,0.23872952163219452,0.25111278891563416,0.5430189967155457,0.4785543382167816,0.563728928565979,1558.784423828125,6.31369686126709,0.3028061091899872,-0.122286800518616,0.8290485862347844,0.209417462348938,0.20257210731506348,0.42821210622787476,0.02931205928325653,0.1148068904876709,0.00621745370999743,8,0.9997452041033033,True,1,8,42,sigmoid,0.01,5,l2,0.0,mnist,,,
exp_b_T1_r8_s42_a149_sigmoid_npc5_lr0.02.pth,lora,0.21288549900054932,0.1667260080575943,0.43578681349754333,0.32053327560424805,0.563728928565979,1487.488037109375,13.916404724121094,0.5068877339363098,-1.000000559817768,1.7677919096976331,0.21218831837177277,0.1735886037349701,0.40464457869529724,0.0006971806287765503,0.031142234802246094,0.01243490741999486,8,0.9989862904671303,False,1,8,42,sigmoid,0.02,5,l2,0.0,mnist,,,
exp_b_T1_r8_s42_a149_silu.pth,lora,0.34087643027305603,0.2919313907623291,0.5590794086456299,0.4688776135444641,0.7630242109298706,1337.680908203125,8.203804016113281,0.3966836631298065,-0.9239926704070403,1.4939254427395594,0.27603089809417725,0.224943146109581,0.4390830397605896,0.06484553217887878,0.11999636888504028,0.036261248433160836,2,0.9760068436820131,False,1,8,42,silu,0.01,1,l2,,mnist,,,
exp_b_T1_r8_s42_a149_silu_lr0.005.pth,lora,0.08444623649120331,0.05664889141917229,0.4073403775691986,0.21530398726463318,0.7630242109298706,1346.050537109375,16.009151458740234,0.5184949040412903,-1.0000025159973702,1.9980364421300176,0.06274744868278503,0.04631057381629944,0.3015233874320984,0.021698787808418274,0.10581699013710022,0.018130624216580418,2,0.9938729154045947,False,1,8,42,silu,0.005,1,l2,0.0,mnist,,,
exp_b_T1_r8_s42_a149_silu_lr0.02.pth,lora,0.03832794725894928,0.024750826880335808,0.22135895490646362,0.09059841930866241,0.7630242109298706,1364.802978515625,18.483642578125,0.5841836929321289,-1.000031376820588,1.9980522195446921,0.024938134476542473,0.020550407469272614,0.1227615550160408,0.013389812782406807,0.09859739989042282,0.07252249686632167,2,0.9119625560180858,False,1,8,42,silu,0.02,1,l2,0.0,mnist,,,
exp_b_T1_r8_s42_a149_silu_lr0.03.pth,lora,0.03819436579942703,0.02462933212518692,0.22038540244102478,0.08998066186904907,0.7630242109298706,1365.00048828125,18.50926971435547,0.5931122303009033,-1.0000708256222384,1.998068100256868,0.024859584867954254,0.02061186358332634,0.12211287766695023,0.013334780931472778,0.09827252477407455,0.10878374529948251,2,0.8261035417053242,False,1,8,42,silu,0.03,1,l2,0.0,mnist,,,
exp_b_T1_r8_s42_a149_silu_lr0.1.pth,lora,0.0386272668838501,0.02496940642595291,0.225702702999115,0.0927901417016983,0.7630242109298706,1364.0751953125,18.471435546875,0.5975765585899353,-1.00078401671229,1.9983600043968033,0.024884644895792007,0.020793970674276352,0.12541434168815613,0.01374262198805809,0.10028836131095886,0.36261248433160836,2,0.3757851106858633,False,1,8,42,silu,0.1,1,l2,0.0,mnist,,,
exp_b_T1_r8_s42_a149_silu_lr0.3.pth,lora,0.03859361261129379,0.02485538274049759,0.22551694512367249,0.09265243262052536,0.7630242109298706,1364.142333984375,18.503257751464844,0.6026785969734192,-1.0070473470017653,2.000922763848883,0.024826854467391968,0.020703649148344994,0.12530377507209778,0.013766758143901825,0.10021317005157471,1.0878374529948251,2,0.14088236000281112,False,1,8,42,silu,0.3,1,l2,0.0,mnist,,,
exp_b_T1_r8_s42_a149_silu_npc5.pth,lora,0.2388225793838501,0.2255973070859909,0.5032418966293335,0.4150635600090027,0.563728928565979,1546.4532470703125,7.874503135681152,0.34566327929496765,-0.999285219898645,1.7557292800107112,0.20585386455059052,0.1822032481431961,0.3915504515171051,0.03296871483325958,0.1116914451122284,0.007124719228935387,8,0.9998348233655125,True,1,8,42,silu,0.01,5,l2,0.0,mnist,,,
exp_b_T1_r8_s42_a149_silu_npc5_lr0.02.pth,lora,0.19592425227165222,0.18238455057144165,0.4478004574775696,0.342700719833374,0.563728928565979,1533.639404296875,10.149582862854004,0.40956631302833557,-0.999999948438208,1.76612569646237,0.16816361248493195,0.15081652998924255,0.3409510850906372,0.027760639786720276,0.10684937238693237,0.014249438457870774,8,0.9993402910060727,False,1,8,42,silu,0.02,5,l2,0.0,mnist,,,
exp_b_T1_r8_s42_a149_softplus.pth,lora,0.49736374616622925,0.48660412430763245,0.6504870057106018,0.6085078716278076,0.7630242109298706,1149.797119140625,4.785266876220703,0.44387754797935486,-0.4912274193120428,1.3181432197616574,0.3819693922996521,0.30498701333999634,0.44795531034469604,0.11539435386657715,0.20253169536590576,0.03788677501534604,1,0.9930771053606906,False,1,8,42,softplus,0.01,1,l2,,mnist,,,
exp_b_T1_r8_s42_a149_softplus_b0.5.pth,lora,0.46270379424095154,0.42321130633354187,0.6152188777923584,0.550686240196228,0.7630242109298706,1286.00390625,6.4635467529296875,0.45344388484954834,-0.9730290871447912,1.5586532379162472,0.3693886995315552,0.28903675079345703,0.44027966260910034,0.09331509470939636,0.17493921518325806,0.05990221334851551,1,0.9756626876005837,False,1,8,42,softplus_b0.5,0.01,1,l2,0.0,mnist,all,sgd,1.0
exp_b_T1_r8_s42_a149_softplus_b0.5_lr0.005.pth,lora,0.4626981019973755,0.4232100248336792,0.6152260303497314,0.5506956577301025,0.7630242109298706,1285.930908203125,6.4635772705078125,0.45408162474632263,-0.9731569479870965,1.5585726187019668,0.36937466263771057,0.28903141617774963,0.4402778446674347,0.09332343935966492,0.17494818568229675,0.029951106674257755,1,0.9938283557612655,False,1,8,42,softplus_b0.5,0.005,1,l2,0.0,mnist,all,sgd,1.0
exp_b_T1_r8_s42_a149_softplus_b0.5_lr0.02.pth,lora,0.46269506216049194,0.4231913685798645,0.6152029633522034,0.5506575703620911,0.7630242109298706,1286.138916015625,6.464550971984863,0.45280611515045166,-0.9731164788574274,1.5590324388982784,0.36940133571624756,0.28904396295547485,0.44028687477111816,0.09329372644424438,0.1749160885810852,0.11980442669703102,1,0.911268596961189,False,1,8,42,softplus_b0.5,0.02,1,l2,0.0,mnist,all,sgd,1.0
exp_b_T1_r8_s42_a149_softplus_b0.5_lr0.05.pth,lora,0.4626978039741516,0.4231974482536316,0.6152114868164062,0.5506677031517029,0.7630242109298706,1286.05224609375,6.465371131896973,0.45280611515045166,-0.9730721591967771,1.5590029817734266,0.36940568685531616,0.28905558586120605,0.44029051065444946,0.09329211711883545,0.1749209761619568,0.2995110667425776,1,0.6882168783639868,False,1,8,42,softplus_b0.5,0.05,1,l2,0.0,mnist,all,sgd,1.0
exp_b_T1_r8_s42_a149_softplus_b0.5_lr0.1.pth,lora,0.462691068649292,0.42319393157958984,0.6152281761169434,0.5506832003593445,0.7630242109298706,1285.794921875,6.468660354614258,0.45280611515045166,-0.9730267328326621,1.5590069389169023,0.36940616369247437,0.28908127546310425,0.4402889013290405,0.09328490495681763,0.17493927478790283,0.5990221334851552,1,0.4935874935481077,False,1,8,42,softplus_b0.5,0.1,1,l2,0.0,mnist,all,sgd,1.0
exp_b_T1_r8_s42_a149_softplus_b1.pth,lora,0.49736374616622925,0.48660412430763245,0.6504870057106018,0.6085078716278076,0.7630242109298706,1149.797119140625,4.785266876220703,0.44387754797935486,-0.4912274193120428,1.3181432197616574,0.3819693922996521,0.30498701333999634,0.44795531034469604,0.11539435386657715,0.20253169536590576,0.03788677501534604,1,0.9930771053606906,False,1,8,42,softplus_b1,0.01,1,l2,0.0,mnist,all,sgd,1.0
exp_b_T1_r8_s42_a149_softplus_b10.pth,lora,0.028316859155893326,0.007196156308054924,0.06375179439783096,0.010965162888169289,0.7630242109298706,1379.476806640625,20.521848678588867,0.5969387888908386,-1.0000813182834223,1.6647163243757688,0.0258852057158947,0.01113724522292614,0.05148686468601227,0.0024316534399986267,0.012264929711818695,0.06880916319490492,2,0.8490792549145535,False,1,8,42,softplus_b10,0.01,1,l2,0.0,mnist,all,sgd,1.0
exp_b_T1_r8_s42_a149_softplus_b10_lr0.005.pth,lora,0.02914540283381939,0.007808279246091843,0.07131868600845337,0.01388629898428917,0.7630242109298706,1374.884521484375,20.00214385986328,0.5809949040412903,-1.0000204625692721,1.6647088226595639,0.027169179171323776,0.013420759700238705,0.054727986454963684,0.001976223662495613,0.016590699553489685,0.03440458159745246,2,0.945448457078167,False,1,8,42,softplus_b10,0.005,1,l2,0.0,mnist,all,sgd,1.0
exp_b_T1_r8_s42_a149_softplus_b10_lr0.02.pth,lora,0.02775207906961441,0.006919063627719879,0.06277678906917572,0.010457305237650871,0.7630242109298706,1380.235107421875,20.60858154296875,0.6090561151504517,-1.0003240996170866,1.6647441092630504,0.025437135249376297,0.01097267959266901,0.05113111436367035,0.0023149438202381134,0.011645674705505371,0.13761832638980984,2,0.6915364696825811,False,1,8,42,softplus_b10,0.02,1,l2,0.0,mnist,all,sgd,1.0
exp_b_T1_r8_s42_a149_softplus_b10_lr0.05.pth,lora,0.027716856449842453,0.006873069331049919,0.06329290568828583,0.01059672050178051,0.7630242109298706,1379.9586181640625,20.574169158935547,0.6122449040412903,-1.0020264005765536,1.6649492591262132,0.025476135313510895,0.01117170974612236,0.05136333778500557,0.0022407211363315582,0.011929567903280258,0.34404581597452455,2,0.4541912986925956,False,1,8,42,softplus_b10,0.05,1,l2,0.0,mnist,all,sgd,1.0
exp_b_T1_r8_s42_a149_softplus_b10_lr0.1.pth,lora,0.027843164280056953,0.006827794015407562,0.06330844759941101,0.010594148188829422,0.7630242109298706,1380.0845947265625,20.595417022705078,0.6167091727256775,-1.008080974346779,1.6656766071348887,0.0256942268460989,0.011216587387025356,0.051441460847854614,0.0021489374339580536,0.011866986751556396,0.6880916319490491,2,0.3216323037690173,False,1,8,42,softplus_b10,0.1,1,l2,0.0,mnist,all,sgd,1.0
exp_b_T1_r8_s42_a149_softplus_b1_lr0.005.pth,lora,0.4973786473274231,0.48663124442100525,0.6505114436149597,0.6085437536239624,0.7630242109298706,1149.633544921875,4.784574508666992,0.44451531767845154,-0.4910965452596696,1.318005606238195,0.38196656107902527,0.3049934506416321,0.4479534327983856,0.11541208624839783,0.2025580108165741,0.01894338750767302,1,0.9982646488278939,False,1,8,42,softplus_b1,0.005,1,l2,0.0,mnist,all,sgd,1.0
exp_b_T1_r8_s42_a149_softplus_b1_lr0.02.pth,lora,0.497364342212677,0.4866026043891907,0.6504831910133362,0.6085034608840942,0.7630242109298706,1149.862060546875,4.785368919372559,0.44515305757522583,-0.49118747731034584,1.3180951487562336,0.3819755017757416,0.3049907684326172,0.4479612112045288,0.11538884043693542,0.20252197980880737,0.07577355003069208,1,0.9727811379752302,False,1,8,42,softplus_b1,0.02,1,l2,0.0,mnist,all,sgd,1.0
exp_b_T1_r8_s42_a149_softplus_b1_lr0.05.pth,lora,0.4973638951778412,0.48660337924957275,0.6504840850830078,0.6085052490234375,0.7630242109298706,1149.8319091796875,4.785351753234863,0.44515305757522583,-0.49118900444278785,1.3180988124477815,0.38197484612464905,0.30499088764190674,0.447961688041687,0.11538904905319214,0.2025223970413208,0.18943387507673023,1,0.8578624562464859,False,1,8,42,softplus_b1,0.05,1,l2,0.0,mnist,all,sgd,1.0
exp_b_T1_r8_s42_a149_softplus_b1_lr0.1.pth,lora,0.4973638951778412,0.48660337924957275,0.6504840850830078,0.6085052490234375,0.7630242109298706,1149.8319091796875,4.785351753234863,0.44515305757522583,-0.49118900444278785,1.318098812447781,0.38197484612464905,0.30499088764190674,0.447961688041687,0.11538904905319214,0.2025223970413208,0.37886775015346047,1,0.6615304327986764,False,1,8,42,softplus_b1,0.1,1,l2,0.0,mnist,all,sgd,1.0
exp_b_T1_r8_s42_a149_softplus_b2.pth,lora,0.38330385088920593,0.3131912648677826,0.5614179372787476,0.44746720790863037,0.7630242109298706,917.9298706054688,9.445122718811035,0.4368622303009033,-1.0000031995854062,1.9980434447341227,0.31732338666915894,0.236201673746109,0.473479688167572,0.065980464220047,0.08793824911117554,0.03311830937605261,2,0.9935597899920829,False,1,8,42,softplus_b2,0.01,1,l2,0.0,mnist,all,sgd,1.0
exp_b_T1_r8_s42_a149_softplus_b2_lr0.005.pth,lora,0.4010956585407257,0.3245692253112793,0.5663979053497314,0.45351147651672363,0.7630242109298706,905.2473754882812,9.246740341186523,0.4292091727256775,-1.000005282761567,1.998037325349141,0.3381369709968567,0.24927525222301483,0.4804011583328247,0.06295868754386902,0.08599674701690674,0.016559154688026306,2,0.9983745169595459,False,1,8,42,softplus_b2,0.005,1,l2,0.0,mnist,all,sgd,1.0
exp_b_T1_r8_s42_a149_softplus_b2_lr0.02.pth,lora,0.38976502418518066,0.31860417127609253,0.5644857883453369,0.4517306983470917,0.7630242109298706,913.33251953125,9.363485336303711,0.44897958636283875,-1.0000123195480652,1.9980559621012286,0.3224295377731323,0.23981636762619019,0.47494634985923767,0.06733548641204834,0.08953943848609924,0.06623661875210522,2,0.975249930000647,False,1,8,42,softplus_b2,0.02,1,l2,0.0,mnist,all,sgd,1.0
exp_b_T1_r8_s42_a149_softplus_b2_lr0.05.pth,lora,0.3902338147163391,0.3190249502658844,0.5646560192108154,0.4520854353904724,0.7630242109298706,912.9901123046875,9.354740142822266,0.45216837525367737,-1.000073569266749,1.9981458805729575,0.3228244185447693,0.24011915922164917,0.4750661253929138,0.06740939617156982,0.08958989381790161,0.16559154688026304,2,0.8783387152844012,False,1,8,42,softplus_b2,0.05,1,l2,0.0,mnist,all,sgd,1.0
exp_b_T1_r8_s42_a149_softplus_b2_lr0.1.pth,lora,0.3901839852333069,0.31898289918899536,0.564699649810791,0.4520547091960907,0.7630242109298706,913.113525390625,9.358245849609375,0.45344388484954834,-1.0002951887560414,1.9984650180133534,0.3227264881134033,0.24003291130065918,0.4750152826309204,0.06745749711990356,0.0896843671798706,0.33118309376052607,2,0.7116577335509544,False,1,8,42,softplus_b2,0.1,1,l2,0.0,mnist,all,sgd,1.0
exp_b_T1_r8_s42_a149_softplus_b5.pth,lora,0.0533183217048645,0.036281246691942215,0.15293115377426147,0.06940906494855881,0.7630242109298706,1348.805419921875,18.355480194091797,0.5618622303009033,-1.0000434272882543,1.9980493734075309,0.027562491595745087,0.018295815214514732,0.07480134069919586,0.025755830109119415,0.07812981307506561,0.06090000667013431,2,0.9273039101151954,False,1,8,42,softplus_b5,0.01,1,l2,0.0,mnist,all,sgd,1.0
exp_b_T1_r8_s42_a149_softplus_b50.pth,lora,0.139476478099823,0.09165380895137787,0.32257452607154846,0.1976676732301712,0.7630242109298706,1388.6732177734375,14.30267333984375,0.5848214030265808,-1.0001327819935573,1.9942062623553036,0.12313543260097504,0.10007624328136444,0.19270679354667664,0.01634104549884796,0.12986773252487183,0.09341825915933397,2,0.6982517875830831,False,1,8,42,softplus_b50,0.01,1,l2,0.0,mnist,all,sgd,1.0
exp_b_T1_r8_s42_a149_softplus_b50_lr0.005.pth,lora,0.13994672894477844,0.09239159524440765,0.31610703468322754,0.2027857005596161,0.7630242109298706,1410.885498046875,14.775699615478516,0.5803571343421936,-1.0000321324766757,1.9941264067057305,0.11267958581447601,0.08840751647949219,0.18394774198532104,0.02726714313030243,0.1321592926979065,0.04670912957966698,2,0.8223676754721162,False,1,8,42,softplus_b50,0.005,1,l2,0.0,mnist,all,sgd,1.0
exp_b_T1_r8_s42_a149_softplus_b50_lr0.02.pth,lora,0.13930054008960724,0.09139204770326614,0.32204198837280273,0.19704517722129822,0.7630242109298706,1388.76025390625,14.329392433166504,0.5860969424247742,-1.000532110031226,1.9944729255150424,0.12276256084442139,0.09981346130371094,0.1924915760755539,0.016537979245185852,0.12955041229724884,0.1868365183186679,2,0.5222587358369446,False,1,8,42,softplus_b50,0.02,1,l2,0.0,mnist,all,sgd,1.0
exp_b_T1_r8_s42_a149_softplus_b50_lr0.05.pth,lora,0.14003805816173553,0.09171774983406067,0.32437413930892944,0.19899845123291016,0.7630242109298706,1390.064453125,14.31885051727295,0.5854591727256775,-1.0033015689399802,1.9963623060656284,0.12372127175331116,0.1003873199224472,0.19350942969322205,0.016316786408424377,0.1308647096157074,0.4670912957966698,2,0.2947863184211455,False,1,8,42,softplus_b50,0.05,1,l2,0.0,mnist,all,sgd,1.0
exp_b_T1_r8_s42_a149_softplus_b50_lr0.1.pth,lora,0.14166344702243805,0.09213673323392868,0.3294829726219177,0.20322799682617188,0.7630242109298706,1394.1695556640625,14.334471702575684,0.5892857313156128,-1.013005905825992,2.0033248647983264,0.12596696615219116,0.10170367360115051,0.1954139620065689,0.015696480870246887,0.13406901061534882,0.9341825915933396,2,0.18699995892493687,False,1,8,42,softplus_b50,0.1,1,l2,0.0,mnist,all,sgd,1.0
exp_b_T1_r8_s42_a149_softplus_b5_lr0.005.pth,lora,0.052330758422613144,0.03595077618956566,0.18186810612678528,0.07962615042924881,0.7630242109298706,1348.311767578125,17.956144332885742,0.5561224222183228,-1.0000106215056062,1.998041640558034,0.028856433928012848,0.020238613709807396,0.09140653908252716,0.023474324494600296,0.09046156704425812,0.030450003335067154,2,0.9787523036764858,False,1,8,42,softplus_b5,0.005,1,l2,0.0,mnist,all,sgd,1.0
exp_b_T1_r8_s42_a149_softplus_b5_lr0.02.pth,lora,0.05442577600479126,0.037413470447063446,0.16299322247505188,0.07479626685380936,0.7630242109298706,1346.4991455078125,18.221656799316406,0.5688775777816772,-1.0001729890450943,1.9980802301751388,0.02800995483994484,0.019042279571294785,0.08029058575630188,0.02641582116484642,0.08270263671875,0.12180001334026862,2,0.8080044025186827,False,1,8,42,softplus_b5,0.02,1,l2,0.0,mnist,all,sgd,1.0
exp_b_T1_r8_s42_a149_softplus_b5_lr0.05.pth,lora,0.05427148938179016,0.037383899092674255,0.16110563278198242,0.0737377256155014,0.7630242109298706,1346.399658203125,18.2349796295166,0.574617326259613,-1.0010825313021363,1.9982952401965444,0.02777448110282421,0.01880093663930893,0.07920028269290924,0.02649700827896595,0.08190535008907318,0.3045000333506716,2,0.5872179700189999,False,1,8,42,softplus_b5,0.05,1,l2,0.0,mnist,all,sgd,1.0
exp_b_T1_r8_s42_a149_softplus_b5_lr0.1.pth,lora,0.05429605394601822,0.037426989525556564,0.16105268895626068,0.07379952073097229,0.7630242109298706,1346.3505859375,18.248462677001953,0.5758928656578064,-1.004327671442737,1.9990573739181188,0.027811702340841293,0.0188271664083004,0.07927250862121582,0.026484351605176926,0.08178018033504486,0.6090000667013432,2,0.4535447268757601,False,1,8,42,softplus_b5,0.1,1,l2,0.0,mnist,all,sgd,1.0
exp_b_T1_r8_s42_a149_softplus_lr0.005.pth,lora,0.4973786473274231,0.48663124442100525,0.6505114436149597,0.6085437536239624,0.7630242109298706,1149.633544921875,4.784574508666992,0.44451531767845154,-0.4910965452596696,1.318005606238195,0.38196656107902527,0.3049934506416321,0.4479534327983856,0.11541208624839783,0.2025580108165741,0.01894338750767302,1,0.9982646488278939,False,1,8,42,softplus,0.005,1,l2,0.0,mnist,,,
exp_b_T1_r8_s42_a149_softplus_lr0.02.pth,lora,0.497364342212677,0.4866026043891907,0.6504831910133362,0.6085034608840942,0.7630242109298706,1149.862060546875,4.785368919372559,0.44515305757522583,-0.49118747731034584,1.3180951487562336,0.3819755017757416,0.3049907684326172,0.4479612112045288,0.11538884043693542,0.20252197980880737,0.07577355003069208,1,0.9727811379752302,False,1,8,42,softplus,0.02,1,l2,0.0,mnist,,,
exp_b_T1_r8_s42_a149_softplus_lr0.03.pth,lora,0.4973638951778412,0.48660337924957275,0.6504840850830078,0.6085052490234375,0.7630242109298706,1149.8319091796875,4.785351753234863,0.44515305757522583,-0.4911890044427879,1.3180988124477813,0.38197484612464905,0.30499088764190674,0.447961688041687,0.11538904905319214,0.2025223970413208,0.11366032504603811,1,0.9410950776400846,False,1,8,42,softplus,0.03,1,l2,0.0,mnist,,,
exp_b_T1_r8_s42_a149_softplus_lr0.05.pth,lora,0.4973638951778412,0.48660337924957275,0.6504840850830078,0.6085052490234375,0.7630242109298706,1149.8319091796875,4.785351753234863,0.44515305757522583,-0.49118900444278785,1.3180988124477815,0.38197484612464905,0.30499088764190674,0.447961688041687,0.11538904905319214,0.2025223970413208,0.18943387507673023,1,0.8578624562464859,False,1,8,42,softplus,0.05,1,l2,0.0,mnist,,,
exp_b_T1_r8_s42_a149_softplus_lr0.1.pth,lora,0.4973638951778412,0.48660337924957275,0.6504840850830078,0.6085052490234375,0.7630242109298706,1149.8319091796875,4.785351753234863,0.44515305757522583,-0.49118900444278785,1.318098812447781,0.38197484612464905,0.30499088764190674,0.447961688041687,0.11538904905319214,0.2025223970413208,0.37886775015346047,1,0.6615304327986764,False,1,8,42,softplus,0.1,1,l2,0.0,mnist,,,
exp_b_T1_r8_s42_a149_softplus_lr0.3.pth,lora,0.3337565064430237,0.301660418510437,0.46752414107322693,0.35167962312698364,0.7630242109298706,1038.7015380859375,13.281129837036133,0.5931122303009033,-1.000019356106846,1.9980602297653962,0.26732826232910156,0.19723351299762726,0.3743842840194702,0.06642824411392212,0.09313985705375671,1.1366032504603814,1,0.3855798610136274,False,1,8,42,softplus,0.3,1,l2,0.0,mnist,,,
exp_b_T1_r8_s42_a149_softplus_npc2.pth,lora,0.284967839717865,0.23717692494392395,0.507941484451294,0.39970582723617554,0.6738914847373962,1440.4007568359375,10.246262550354004,0.4642857015132904,-1.000025859821472,1.7460898360430213,0.23540225625038147,0.18333786725997925,0.3455831706523895,0.04956558346748352,0.16235831379890442,0.03241907541659827,2,0.9942247430894895,False,1,8,42,softplus,0.01,2,l2,0.0,mnist,,,
exp_b_T1_r8_s42_a149_softplus_npc2_lr0.005.pth,lora,0.2987465262413025,0.24773095548152924,0.5151205658912659,0.4075321555137634,0.6738914847373962,1434.2850341796875,9.996636390686035,0.45790815353393555,-1.0000076088694985,1.7460812281020384,0.24900446832180023,0.19279509782791138,0.35232946276664734,0.04974205791950226,0.16279110312461853,0.016209537708299134,2,0.9985555596408291,False,1,8,42,softplus,0.005,2,l2,0.0,mnist,,,
exp_b_T1_r8_s42_a149_softplus_npc2_lr0.02.pth,lora,0.2834342122077942,0.2361236810684204,0.5071642398834229,0.3989403247833252,0.6738914847373962,1440.9779052734375,10.270389556884766,0.46683672070503235,-1.0001034716019404,1.7461236258781316,0.2337946593761444,0.18229304254055023,0.34491458535194397,0.04963955283164978,0.16224965453147888,0.06483815083319654,2,0.9771131491782176,False,1,8,42,softplus,0.02,2,l2,0.0,mnist,,,
exp_b_T1_r8_s42_a149_softplus_npc2_lr0.05.pth,lora,0.2822783291339874,0.23557716608047485,0.5070644021034241,0.3987876772880554,0.6738914847373962,1441.1419677734375,10.275575637817383,0.4681122303009033,-1.0006460023011496,1.7463611755766093,0.2327648401260376,0.18179838359355927,0.3447684943675995,0.04951348900794983,0.16229590773582458,0.16209537708299135,2,0.8764668118152061,False,1,8,42,softplus,0.05,2,l2,0.0,mnist,,,
exp_b_T1_r8_s42_a149_softplus_npc2_lr0.1.pth,lora,0.28225618600845337,0.23557063937187195,0.5071297287940979,0.39881497621536255,0.6738914847373962,1441.0501708984375,10.277446746826172,0.4681122303009033,-1.0025840464720308,1.7472082757838676,0.232733815908432,0.18180641531944275,0.3448101580142975,0.04952237010002136,0.16231957077980042,0.32419075416598275,2,0.6915903670489965,False,1,8,42,softplus,0.1,2,l2,0.0,mnist,,,
exp_b_T1_r8_s42_a149_softplus_npc4.pth,lora,0.23605112731456757,0.1916670799255371,0.47978103160858154,0.3634827136993408,0.566837728023529,1480.48046875,12.061683654785156,0.47177934646606445,-1.0000162930296594,1.7196114421430844,0.21283160150051117,0.16761168837547302,0.4213819205760956,0.023219525814056396,0.05839911103248596,0.031254699611084756,4,0.9944617967698277,False,1,8,42,softplus,0.01,4,l2,0.0,mnist,,,
exp_b_T1_r8_s42_a149_softplus_npc4_lr0.005.pth,lora,0.25113892555236816,0.202945739030838,0.49197977781295776,0.3747192621231079,0.566837728023529,1475.767822265625,11.690191268920898,0.46173468232154846,-1.0000068862477147,1.7196091208729323,0.22769883275032043,0.17825660109519958,0.43281763792037964,0.02344009280204773,0.059162139892578125,0.015627349805542378,4,0.998615142932711,False,1,8,42,softplus,0.005,4,l2,0.0,mnist,,,
exp_b_T1_r8_s42_a149_softplus_npc4_lr0.02.pth,lora,0.21043038368225098,0.17714911699295044,0.4593691825866699,0.34289711713790894,0.566837728023529,1480.679443359375,12.568122863769531,0.48533162474632263,-1.0000651355229888,1.719622133390338,0.18670813739299774,0.1516740918159485,0.3984107971191406,0.023722246289253235,0.0609583854675293,0.06250939922216951,4,0.9780263970393541,False,1,8,42,softplus,0.02,4,l2,0.0,mnist,,,
exp_b_T1_r8_s42_a149_softplus_npc4_lr0.05.pth,lora,0.17788702249526978,0.16758102178573608,0.3685404062271118,0.2960027754306793,0.566837728023529,1464.5418701171875,13.41122817993164,0.4915497303009033,-1.0004092676209386,1.719693596788252,0.15529465675354004,0.14141960442066193,0.312054306268692,0.022592365741729736,0.0564860999584198,0.15627349805542382,4,0.8805044112076761,False,1,8,42,softplus,0.05,4,l2,0.0,mnist,all,sgd,1.0
exp_b_T1_r8_s42_a149_softplus_npc4_lr0.1.pth,lora,0.17257358133792877,0.1658148169517517,0.3565994203090668,0.2939924895763397,0.566837728023529,1457.24755859375,13.642539024353027,0.4964923560619354,-1.0016372708478707,1.7199485277829463,0.14974726736545563,0.13981835544109344,0.30376970767974854,0.022826313972473145,0.05282971262931824,0.31254699611084763,4,0.6982527846256589,False,1,8,42,softplus,0.1,4,l2,0.0,mnist,all,sgd,1.0
exp_b_T1_r8_s42_a149_softplus_npc5.pth,lora,0.2249109447002411,0.18025082349777222,0.4654446542263031,0.3498993217945099,0.563728928565979,1481.6734619140625,12.110766410827637,0.4749999940395355,-1.0000016879891789,1.7678433708300378,0.21169805526733398,0.17712904512882233,0.4151637554168701,0.013212889432907104,0.05028089880943298,0.02994588998935693,5,0.9945672865432442,False,1,8,42,softplus,0.01,5,l2,0.0,mnist,,,
exp_b_T1_r8_s42_a149_softplus_npc5_lr0.02.pth,lora,0.2192608118057251,0.17430409789085388,0.4616090655326843,0.3449036777019501,0.563728928565979,1509.180908203125,12.353606224060059,0.4783163368701935,-1.0000063095459653,1.7678442694009457,0.21285152435302734,0.17688167095184326,0.4185729920864105,0.006409287452697754,0.043036073446273804,0.05989177997871386,5,0.9784374141416698,False,1,8,42,softplus,0.02,5,l2,0.0,mnist,,,
exp_b_T1_r8_s42_a149_softplus_npc8.pth,lora,0.1860288381576538,0.14099149405956268,0.42475995421409607,0.3008396625518799,0.44787657260894775,1532.7989501953125,12.948640823364258,0.45408162474632263,-1.0000025334829752,1.7264766777193608,0.18242058157920837,0.14310838282108307,0.4090879559516907,0.0036082565784454346,0.015671998262405396,0.025632392034988523,8,0.9960810762177309,False,1,8,42,softplus,0.01,8,l2,0.0,mnist,all,sgd,1.0
exp_b_T1_r8_s42_a149_softplus_npc8_lr0.005.pth,lora,0.18876054883003235,0.1441161185503006,0.42680925130844116,0.30564746260643005,0.44787657260894775,1533.4149169921875,12.588103294372559,0.44403699040412903,-1.0000107638742552,1.7264712506878943,0.18586547672748566,0.14682261645793915,0.41378623247146606,0.002895072102546692,0.013023018836975098,0.012816196017494261,8,0.9990203903372514,False,1,8,42,softplus,0.005,8,l2,0.0,mnist,all,sgd,1.0
exp_b_T1_r8_s42_a149_softplus_npc8_lr0.02.pth,lora,0.17760832607746124,0.13646137714385986,0.4196973145008087,0.2937256693840027,0.44787657260894775,1533.13037109375,13.309274673461914,0.46237245202064514,-1.000010027966091,1.7264821812478124,0.17253056168556213,0.13734900951385498,0.4004336893558502,0.005077764391899109,0.019263625144958496,0.051264784069977046,8,0.984381068973332,False,1,8,42,softplus,0.02,8,l2,0.0,mnist,all,sgd,1.0
exp_b_T1_r8_s42_a149_softplus_npc8_lr0.05.pth,lora,0.14233726263046265,0.12401288747787476,0.34623104333877563,0.25751960277557373,0.44787657260894775,1518.0211181640625,14.391613960266113,0.4844547212123871,-1.0000625022384286,1.7265439891705587,0.13471579551696777,0.12115111947059631,0.31673333048820496,0.007621467113494873,0.02949771285057068,0.1281619601749426,8,0.9107504567917906,False,1,8,42,softplus,0.05,8,l2,0.0,mnist,all,sgd,1.0
exp_b_T1_r8_s42_a149_softplus_npc8_lr0.1.pth,lora,0.12852686643600464,0.11334461718797684,0.3066239058971405,0.23119157552719116,0.44787657260894775,1523.1336669921875,15.400211334228516,0.5018335580825806,-1.0002500597602493,1.7267656133428095,0.120745450258255,0.10998521000146866,0.2831290066242218,0.007781416177749634,0.0234948992729187,0.2563239203498852,8,0.7507487323295916,False,1,8,42,softplus,0.1,8,l2,0.0,mnist,all,sgd,1.0
exp_b_T1_r8_s42_a149_tanh.pth,lora,0.08218035846948624,0.021154893562197685,0.11965585500001907,0.01996784098446369,0.7630242109298706,1315.734375,19.327129364013672,0.6434949040412903,-1.000107187499143,1.500081913227344,0.03195660933852196,-0.019800079986453056,0.045538075268268585,0.05022374913096428,0.07411777973175049,0.1235218547433862,2,0.8088680386490588,False,1,8,42,tanh,0.01,1,l2,0.0,mnist,,,
exp_b_T1_r8_s42_a149_tanh_lr0.005.pth,lora,0.07832474261522293,0.020968619734048843,0.11980166286230087,0.02021102048456669,0.7630242109298706,1318.502197265625,19.317459106445312,0.6320152878761292,-1.000026663287729,1.5000208213561832,0.030728671699762344,-0.02080356515944004,0.04654732719063759,0.04759607091546059,0.07325433567166328,0.0617609273716931,2,0.9430942742440978,False,1,8,42,tanh,0.005,1,l2,0.0,mnist,,,
exp_b_T1_r8_s42_a149_tanh_lr0.02.pth,lora,0.08220282942056656,0.02115139737725258,0.11978257447481155,0.0199724193662405,0.7630242109298706,1316.03369140625,19.3292236328125,0.6479591727256775,-1.0004312561413067,1.500327204338423,0.03210915997624397,-0.019826296716928482,0.04569244384765625,0.050093669444322586,0.0740901306271553,0.2470437094867724,2,0.538303863812122,False,1,8,42,tanh,0.02,1,l2,0.0,mnist,,,
exp_b_T1_r8_s42_a149_tanh_npc5.pth,lora,0.20896339416503906,0.1923702508211136,0.4492291510105133,0.35695314407348633,0.563728928565979,1500.824951171875,9.491741180419922,0.3966836631298065,-1.000000413534914,1.767834632929529,0.17613095045089722,0.1495760977268219,0.33212101459503174,0.032832443714141846,0.11710813641548157,0.02407588827404733,4,0.9984771181045909,False,1,8,42,tanh,0.01,5,l2,0.0,mnist,,,
exp_b_T1_r8_s42_a149_tanh_npc5_lr0.02.pth,lora,0.18895664811134338,0.18021628260612488,0.4139372408390045,0.332096129655838,0.563728928565979,1509.6712646484375,10.04887866973877,0.4042091965675354,-1.0000026400015174,1.7678440533044397,0.1590476781129837,0.1415916085243225,0.326953262090683,0.02990896999835968,0.08698397874832153,0.04815177654809466,4,0.9939891207086966,False,1,8,42,tanh,0.02,5,l2,0.0,mnist,,,
exp_b_T20_r8_s42_a149_celu.pth,lora,0.2327791452407837,0.1765030026435852,0.4806937575340271,0.36456620693206787,0.7630242109298706,1546.86865234375,11.99859619140625,0.4642857015132904,-0.9989209703441865,1.8813200387995552,0.21142983436584473,0.17837229371070862,0.4222295880317688,0.021349310874938965,0.0584641695022583,0.1702065213957386,6,0.7061405984875725,False,20,8,42,celu,0.01,1,l2,0.0,mnist,all,sgd,1.0
exp_b_T20_r8_s42_a149_elu.pth,lora,0.2327791452407837,0.1765030026435852,0.4806937575340271,0.36456620693206787,0.7630242109298706,1546.86865234375,11.99859619140625,0.4642857015132904,-0.9989209703441865,1.8813200387995552,0.21142983436584473,0.17837229371070862,0.4222295880317688,0.021349310874938965,0.0584641695022583,0.1702065213957386,6,0.7061405984875725,False,20,8,42,elu,0.01,1,l2,0.0,mnist,all,sgd,1.0
exp_b_T20_r8_s42_a149_gelu.pth,lora,0.028911828994750977,0.016136720776557922,0.19086158275604248,0.07331995666027069,0.7630242109298706,1503.312744140625,19.136539459228516,0.6160714030265808,-1.0002542224580564,1.99813741724066,0.02085159905254841,0.01566627249121666,0.10218776762485504,0.008060229942202568,0.08867381513118744,0.17142902936340668,7,0.6194536921921111,False,20,8,42,gelu,0.01,1,l2,0.0,mnist,all,sgd,1.0
exp_b_T20_r8_s42_a149_gelu_tanh.pth,lora,0.02876661717891693,0.015978815034031868,0.18955743312835693,0.07263354957103729,0.7630242109298706,1503.345458984375,19.150562286376953,0.6167091727256775,-1.0002545876418643,1.9981373049924769,0.020759373903274536,0.015579994767904282,0.10144104063510895,0.008007243275642395,0.08811639249324799,0.1714331820499487,7,0.6195048023235379,False,20,8,42,gelu_tanh,0.01,1,l2,0.0,mnist,all,sgd,1.0
exp_b_T20_r8_s42_a149_hardswish.pth,lora,0.07629532366991043,0.04572591930627823,0.37429124116897583,0.19452345371246338,0.7630242109298706,1510.8739013671875,17.20036506652832,0.5784438848495483,-1.000150422398109,1.998111562108012,0.059976041316986084,0.046721622347831726,0.24475522339344025,0.016319282352924347,0.12953601777553558,0.17947224060152753,6,0.675739430776436,False,20,8,42,hardswish,0.01,1,l2,0.0,mnist,all,sgd,1.0
exp_b_T20_r8_s42_a149_leaky_relu.pth,lora,0.4717875123023987,0.4553895592689514,0.7482932806015015,0.6653103232383728,0.7630242109298706,1255.1455078125,4.695528030395508,0.3941326439380646,-0.06544433481961354,1.0166368697294355,0.3466316759586334,0.2731008231639862,0.3617415130138397,0.12515583634376526,0.38655176758766174,0.1650979020320047,8,0.5223969934308604,False,20,8,42,leaky_relu,0.01,1,l2,0.0,mnist,all,sgd,1.0
exp_b_T20_r8_s42_a149_mish.pth,lora,0.031048551201820374,0.017005110159516335,0.22379334270954132,0.08744899928569794,0.7630242109298706,1527.62353515625,19.47225570678711,0.608418345451355,-1.0001805523017264,1.9981134915622603,0.022408749908208847,0.015116671100258827,0.1246919259428978,0.008639801293611526,0.09910141676664352,0.16772936274838313,7,0.6725724751220558,False,20,8,42,mish,0.01,1,l2,0.0,mnist,all,sgd,1.0
exp_b_T20_r8_s42_a149_relu.pth,lora,0.4718497395515442,0.4554385542869568,0.7483330368995667,0.6653378009796143,0.7630242109298706,1255.0771484375,4.695507526397705,0.3941326439380646,-0.06543081059975511,1.0166322722831727,0.34668731689453125,0.27313947677612305,0.36179012060165405,0.12516242265701294,0.3865429162979126,0.1656212686814993,8,0.5176323098948811,False,20,8,42,relu,0.01,1,l2,0.0,mnist,all,sgd,1.0
exp_b_T20_r8_s42_a149_selu.pth,lora,0.46902069449424744,0.45232659578323364,0.7463551759719849,0.6626877784729004,0.7630242109298706,1307.230712890625,4.718506813049316,0.3922193944454193,-0.06630929190443847,1.0166888394780986,0.3448405861854553,0.2714717388153076,0.36097365617752075,0.12418010830879211,0.3853815197944641,0.18451543708716062,3,0.6465470456315765,False,20,8,42,selu,0.01,1,l2,0.0,mnist,all,sgd,1.0
exp_b_T20_r8_s42_a149_sigmoid.pth,lora,0.41308265924453735,0.3828442692756653,0.5252538919448853,0.4529761075973511,0.7630242109298706,744.5211791992188,10.587665557861328,0.5491071343421936,-1.0000018180727646,1.9932524427794531,0.30452656745910645,0.22493961453437805,0.32415464520454407,0.10855609178543091,0.2010992467403412,0.09965202961034163,5,0.9694514854351485,False,20,8,42,sigmoid,0.01,1,l2,0.0,mnist,all,sgd,1.0
exp_b_T20_r8_s42_a149_silu.pth,lora,0.051254283636808395,0.03215266019105911,0.3116982579231262,0.14484935998916626,0.7630242109298706,1504.70458984375,18.150922775268555,0.5880101919174194,-1.0001968672300823,1.998125353832339,0.034160345792770386,0.02339773252606392,0.18908922374248505,0.01709393784403801,0.12260903418064117,0.1769020813919928,7,0.6564814397579639,False,20,8,42,silu,0.01,1,l2,0.0,mnist,all,sgd,1.0
exp_b_T20_r8_s42_a149_softplus.pth,lora,0.32718193531036377,0.27287590503692627,0.45316147804260254,0.32209914922714233,0.7630242109298706,1309.185546875,13.679256439208984,0.5586734414100647,-1.0000080901691428,1.9980497505668675,0.26989367604255676,0.18167062103748322,0.37622886896133423,0.05728825926780701,0.07693260908126831,0.20858091408624005,6,0.8802571187277339,False,20,8,42,softplus,0.01,1,l2,0.0,mnist,all,sgd,1.0
exp_b_T20_r8_s42_a149_tanh.pth,lora,0.056130021810531616,0.010786037892103195,0.15761469304561615,0.028826719149947166,0.7630242109298706,1551.381591796875,20.351730346679688,0.6383928656578064,-1.0002280803063996,1.5001950463434044,0.017263254150748253,-0.01955503225326538,0.06472519040107727,0.03886676765978336,0.09288950264453888,0.17353206534037957,5,0.6874969992083169,False,20,8,42,tanh,0.01,1,l2,0.0,mnist,all,sgd,1.0
exp_b_T2_r8_s42_a149_celu.pth,lora,0.017239876091480255,0.006749022752046585,0.14645972847938538,0.052664611488580704,0.7630242109298706,1464.3106689453125,19.553640365600586,0.5720663070678711,-1.000030361821532,1.9980686105882515,0.03140195459127426,0.04180086404085159,0.10874849557876587,-0.014162078499794006,0.03771123290061951,0.1684004993824934,4,0.7101044030376914,False,2,8,42,celu,0.01,1,l2,0.0,mnist,all,sgd,1.0
exp_b_T2_r8_s42_a149_elu.pth,lora,0.017239876091480255,0.006749022752046585,0.14645972847938538,0.052664611488580704,0.7630242109298706,1464.3106689453125,19.553640365600586,0.5720663070678711,-1.000030361821532,1.9980686105882515,0.03140195459127426,0.04180086404085159,0.10874849557876587,-0.014162078499794006,0.03771123290061951,0.1684004993824934,4,0.7101044030376914,False,2,8,42,elu,0.01,1,l2,0.0,mnist,all,sgd,1.0
exp_b_T2_r8_s42_a149_gelu.pth,lora,0.03779515251517296,0.02664787508547306,0.17066125571727753,0.07058298587799072,0.7630242109298706,1339.755126953125,18.294574737548828,0.5765306353569031,-1.000045682968715,1.998057452763461,0.01856883615255356,0.015887252986431122,0.08745267987251282,0.0192263163626194,0.08320857584476471,0.07442321164513646,4,0.8852275542858036,False,2,8,42,gelu,0.01,1,l2,0.0,mnist,all,sgd,1.0
exp_b_T2_r8_s42_a149_gelu_tanh.pth,lora,0.03776891529560089,0.026623835787177086,0.1704622358083725,0.07051021605730057,0.7630242109298706,1339.91552734375,18.297317504882812,0.577168345451355,-1.000045565804391,1.998057443120888,0.018557056784629822,0.015878867357969284,0.08735590428113937,0.01921185851097107,0.08310633152723312,0.07442271245830864,4,0.8852428665259371,False,2,8,42,gelu_tanh,0.01,1,l2,0.0,mnist,all,sgd,1.0
exp_b_T2_r8_s42_a149_hardswish.pth,lora,0.045073866844177246,0.025145716965198517,0.3018451929092407,0.13487502932548523,0.7630242109298706,1385.8831787109375,18.13503646850586,0.5873724222183228,-1.0000213999175132,1.9980480848754547,0.03869577869772911,0.030534496530890465,0.1944405436515808,0.006378088146448135,0.10740464925765991,0.0674402235333821,4,0.9305718970159989,False,2,8,42,hardswish,0.01,1,l2,0.0,mnist,all,sgd,1.0
exp_b_T2_r8_s42_a149_leaky_relu.pth,lora,0.5430119037628174,0.560106635093689,0.7958341240882874,0.7568882703781128,0.7630242109298706,177.091552734375,3.442229747772217,0.39859694242477417,-0.062179120674907835,1.0247677940721198,0.38073864579200745,0.32210901379585266,0.3562357425689697,0.16227325797080994,0.4395983815193176,0.1491740997632701,4,0.5572131551767372,False,2,8,42,leaky_relu,0.01,1,l2,0.0,mnist,all,sgd,1.0
exp_b_T2_r8_s42_a149_mish.pth,lora,0.03766615316271782,0.025985639542341232,0.18919923901557922,0.07778939604759216,0.7630242109298706,1356.1961669921875,18.626853942871094,0.5943877696990967,-1.0000708616245664,1.9980617878393612,0.02491108886897564,0.023351406678557396,0.10452199727296829,0.01275506429374218,0.08467724174261093,0.1044559008585416,4,0.8328130311874715,False,2,8,42,mish,0.01,1,l2,0.0,mnist,all,sgd,1.0
exp_b_T2_r8_s42_a149_relu.pth,lora,0.5440635085105896,0.5609688758850098,0.7963852882385254,0.7572899460792542,0.7630242109298706,175.96551513671875,3.4415369033813477,0.39923468232154846,-0.06180115826029888,1.0247781011997235,0.38166171312332153,0.3227483034133911,0.3566369414329529,0.16240179538726807,0.4397483468055725,0.15018631056671483,4,0.5462310047964984,False,2,8,42,relu,0.01,1,l2,0.0,mnist,all,sgd,1.0
exp_b_T2_r8_s42_a149_selu.pth,lora,0.5608087182044983,0.5633274912834167,0.7772301435470581,0.731967568397522,0.7630242109298706,1319.673828125,3.8961360454559326,0.39094388484954834,-0.07043795306256677,1.0048293019694392,0.4095997214317322,0.32727479934692383,0.32881125807762146,0.1512089967727661,0.44841888546943665,0.18435590211903602,3,0.6468880683680378,False,2,8,42,selu,0.01,1,l2,0.0,mnist,all,sgd,1.0
exp_b_T2_r8_s42_a149_sigmoid.pth,lora,0.4989246129989624,0.4937233328819275,0.6388033628463745,0.6155660152435303,0.7630242109298706,1138.35693359375,4.520842552185059,0.42091837525367737,-0.3540115464137658,1.193683441944978,0.3833580017089844,0.30474144220352173,0.4028145968914032,0.11556661128997803,0.2359887659549713,0.014023999214794284,3,0.9988907957318793,False,2,8,42,sigmoid,0.01,1,l2,0.0,mnist,all,sgd,1.0
exp_b_T2_r8_s42_a149_silu.pth,lora,0.03958002105355263,0.025684181600809097,0.23605278134346008,0.09915776550769806,0.7630242109298706,1366.87109375,18.335540771484375,0.5841836929321289,-1.0000287745033798,1.9980505720766488,0.02576882392168045,0.020840423181653023,0.13301995396614075,0.013811197131872177,0.10303282737731934,0.06990566240580799,4,0.9175006197460753,False,2,8,42,silu,0.01,1,l2,0.0,mnist,all,sgd,1.0
exp_b_T2_r8_s42_a149_softplus.pth,lora,0.4981466829776764,0.4877825379371643,0.6512725353240967,0.6097871661186218,0.7630242109298706,1142.7099609375,4.763237953186035,0.44451531767845154,-0.48776885032035383,1.318378784673388,0.38208910822868347,0.30520328879356384,0.4478701949119568,0.11605757474899292,0.2034023404121399,0.07570375969945618,3,0.9732345424257208,False,2,8,42,softplus,0.01,1,l2,0.0,mnist,all,sgd,1.0
exp_b_T2_r8_s42_a149_tanh.pth,lora,0.0703238993883133,0.0121607705950737,0.12614111602306366,0.019873827695846558,0.7630242109298706,1368.31103515625,19.2155704498291,0.6524234414100647,-1.000224476212686,1.50017244481243,0.027723070234060287,-0.02297886461019516,0.04775252938270569,0.042600829154253006,0.07838858664035797,0.1713715999106367,4,0.6926391320308398,False,2,8,42,tanh,0.01,1,l2,0.0,mnist,all,sgd,1.0
exp_b_T50_r8_s42_a149_celu.pth,lora,0.26749229431152344,0.22609259188175201,0.5149960517883301,0.41474708914756775,0.7630242109298706,1555.36865234375,9.621139526367188,0.3941326439380646,-0.905608307261251,1.8621948260627978,0.2290753424167633,0.19845692813396454,0.4226035177707672,0.03841695189476013,0.09239253401756287,0.1723231256073192,6,0.7015142253921183,False,50,8,42,celu,0.01,1,l2,0.0,mnist,all,sgd,1.0
exp_b_T50_r8_s42_a149_elu.pth,lora,0.26749229431152344,0.22609259188175201,0.5149960517883301,0.41474708914756775,0.7630242109298706,1555.36865234375,9.621139526367188,0.3941326439380646,-0.905608307261251,1.8621948260627978,0.2290753424167633,0.19845692813396454,0.4226035177707672,0.03841695189476013,0.09239253401756287,0.1723231256073192,6,0.7015142253921183,False,50,8,42,elu,0.01,1,l2,0.0,mnist,all,sgd,1.0
exp_b_T50_r8_s42_a149_gelu.pth,lora,0.03353755921125412,0.019145578145980835,0.19500553607940674,0.07705719769001007,0.7630242109298706,1538.1226806640625,19.480995178222656,0.6186224222183228,-1.0003094334478773,1.998163377025004,0.020227055996656418,0.015201332047581673,0.1019863560795784,0.013310503214597702,0.09301917999982834,0.18393405370123322,8,0.5898440492610216,False,50,8,42,gelu,0.01,1,l2,0.0,mnist,all,sgd,1.0
exp_b_T50_r8_s42_a149_gelu_tanh.pth,lora,0.03347146138548851,0.019070282578468323,0.19439303874969482,0.07668594270944595,0.7630242109298706,1538.142578125,19.48488426208496,0.6205357313156128,-1.000308552914092,1.998162903569063,0.020158370956778526,0.015124690718948841,0.10161647200584412,0.013313090428709984,0.09277656674385071,0.18394063091182225,8,0.5898919233478794,False,50,8,42,gelu_tanh,0.01,1,l2,0.0,mnist,all,sgd,1.0
exp_b_T50_r8_s42_a149_hardswish.pth,lora,0.09642936289310455,0.06553272902965546,0.3956100344657898,0.22784416377544403,0.7630242109298706,1543.417236328125,16.72768783569336,0.5739796161651611,-1.0002203707646422,1.9981396678683505,0.0802132859826088,0.06763512641191483,0.25257837772369385,0.016216076910495758,0.14303165674209595,0.19628929118103466,6,0.638338490608379,False,50,8,42,hardswish,0.01,1,l2,0.0,mnist,all,sgd,1.0
exp_b_T50_r8_s42_a149_leaky_relu.pth,lora,0.4679003953933716,0.4492134153842926,0.7444796562194824,0.6585465669631958,0.7630242109298706,1434.30859375,4.772983551025391,0.3934949040412903,-0.06569094649840858,1.0161596052625925,0.3453823924064636,0.2709101438522339,0.36110711097717285,0.12251800298690796,0.38337254524230957,0.17279140296753348,8,0.5103842947214129,False,50,8,42,leaky_relu,0.01,1,l2,0.0,mnist,all,sgd,1.0
exp_b_T50_r8_s42_a149_mish.pth,lora,0.03740765154361725,0.020026713609695435,0.25347405672073364,0.10410866141319275,0.7630242109298706,1549.3800048828125,19.27630615234375,0.6039540767669678,-1.0002069891392742,1.9981264636834766,0.024164622649550438,0.016674283891916275,0.1448584944009781,0.01324302889406681,0.10861556231975555,0.17761554036555705,7,0.6491142719585291,False,50,8,42,mish,0.01,1,l2,0.0,mnist,all,sgd,1.0
exp_b_T50_r8_s42_a149_relu.pth,lora,0.46794551610946655,0.4492493271827698,0.7445090413093567,0.6585673093795776,0.7630242109298706,1434.265380859375,4.7729597091674805,0.3934949040412903,-0.06568182745779243,1.0161564283004563,0.3454225957393646,0.2709384858608246,0.3611428141593933,0.12252292037010193,0.3833662271499634,0.17326273167566617,8,0.5060633732119433,False,50,8,42,relu,0.01,1,l2,0.0,mnist,all,sgd,1.0
exp_b_T50_r8_s42_a149_selu.pth,lora,0.47795987129211426,0.4571545124053955,0.751490592956543,0.6626898646354675,0.7630242109298706,1453.75732421875,4.779567718505859,0.39030611515045166,-0.06402587314074387,1.0181924513151444,0.3544788360595703,0.276777982711792,0.36950764060020447,0.12348103523254395,0.3819829523563385,0.18476435362450638,4,0.6460717855553786,False,50,8,42,selu,0.01,1,l2,0.0,mnist,all,sgd,1.0
exp_b_T50_r8_s42_a149_sigmoid.pth,lora,0.3289516866207123,0.30975377559661865,0.41651904582977295,0.3854638338088989,0.7630242109298706,806.5452270507812,13.21097469329834,0.5899234414100647,-1.0000083797992294,1.9941187695462437,0.2246469408273697,0.16637232899665833,0.18998877704143524,0.10430474579334259,0.2265302687883377,0.18688897362079376,6,0.9642978858373079,False,50,8,42,sigmoid,0.01,1,l2,0.0,mnist,all,sgd,1.0
exp_b_T50_r8_s42_a149_silu.pth,lora,0.08149580657482147,0.049149882048368454,0.36963051557540894,0.1958724409341812,0.7630242109298706,1540.90771484375,16.862951278686523,0.5841836929321289,-1.0002442158605043,1.998149080326598,0.06193549185991287,0.04747571796178818,0.22696051001548767,0.0195603147149086,0.14267000555992126,0.19210922887520224,7,0.6216145793829174,False,50,8,42,silu,0.01,1,l2,0.0,mnist,all,sgd,1.0
exp_b_T50_r8_s42_a149_softplus.pth,lora,0.3039766848087311,0.2594234347343445,0.4081273674964905,0.29485467076301575,0.7630242109298706,1402.659912109375,14.620613098144531,0.610331654548645,-1.0000480022779554,1.9981067033572557,0.2515026032924652,0.17485643923282623,0.33762773871421814,0.05247408151626587,0.07049962878227234,0.21264555600136034,6,0.879159460143879,False,50,8,42,softplus,0.01,1,l2,0.0,mnist,all,sgd,1.0
exp_b_T50_r8_s42_a149_tanh.pth,lora,0.05507267639040947,0.011231295764446259,0.1600630283355713,0.030071359127759933,0.7630242109298706,1560.05810546875,20.36215591430664,0.6352040767669678,-1.0002373620683371,1.5019894099573112,0.016007769852876663,-0.01898489147424698,0.06565733253955841,0.039064906537532806,0.09440569579601288,0.17598315863810923,5,0.6816816158799124,False,50,8,42,tanh,0.01,1,l2,0.0,mnist,all,sgd,1.0
exp_b_T5_r8_s42_a149_celu.pth,lora,0.06329240649938583,0.0383940190076828,0.32895588874816895,0.1767757534980774,0.7630242109298706,1519.123291015625,17.666229248046875,0.5535714030265808,-1.0000461046763165,1.9941575099969246,0.06866167485713959,0.06583451479673386,0.2376004457473755,-0.005369268357753754,0.09135544300079346,0.16874483576932475,5,0.709347513389502,False,5,8,42,celu,0.01,1,l2,0.0,mnist,all,sgd,1.0
exp_b_T5_r8_s42_a149_elu.pth,lora,0.06329240649938583,0.0383940190076828,0.32895588874816895,0.1767757534980774,0.7630242109298706,1519.123291015625,17.666229248046875,0.5535714030265808,-1.0000461046763165,1.9941575099969246,0.06866167485713959,0.06583451479673386,0.2376004457473755,-0.005369268357753754,0.09135544300079346,0.16874483576932475,5,0.709347513389502,False,5,8,42,elu,0.01,1,l2,0.0,mnist,all,sgd,1.0
exp_b_T5_r8_s42_a149_gelu.pth,lora,0.034792348742485046,0.022799557074904442,0.19115355610847473,0.07846163958311081,0.7630242109298706,1375.450439453125,18.14486312866211,0.6033163070678711,-1.0001626096705514,1.9981039230914213,0.020336216315627098,0.01600581221282482,0.09869365394115448,0.014456132426857948,0.09245990216732025,0.1413379483021982,7,0.6971723752658321,False,5,8,42,gelu,0.01,1,l2,0.0,mnist,all,sgd,1.0
exp_b_T5_r8_s42_a149_gelu_tanh.pth,lora,0.03483495116233826,0.022862514480948448,0.19146549701690674,0.07864253222942352,0.7630242109298706,1375.40283203125,18.14023208618164,0.6033163070678711,-1.0001625593260004,1.9981030850195614,0.020373951643705368,0.016066066920757294,0.09890280663967133,0.014460999518632889,0.09256269037723541,0.14133673932188384,7,0.6972263884034213,False,5,8,42,gelu_tanh,0.01,1,l2,0.0,mnist,all,sgd,1.0
exp_b_T5_r8_s42_a149_hardswish.pth,lora,0.05044911801815033,0.029939699918031693,0.3286180794239044,0.15253102779388428,0.7630242109298706,1404.365234375,17.75185775756836,0.5969387888908386,-1.0000858586877241,1.9980752669248933,0.04188263416290283,0.03305444121360779,0.21411629021167755,0.008566483855247498,0.11450178921222687,0.13505221294675726,5,0.7796353704707066,False,5,8,42,hardswish,0.01,1,l2,0.0,mnist,all,sgd,1.0
exp_b_T5_r8_s42_a149_leaky_relu.pth,lora,0.48557615280151367,0.4796615242958069,0.7614845037460327,0.691861629486084,0.7630242109298706,660.4185180664062,4.36300802230835,0.3934949040412903,-0.06557173421790846,1.0189278565860556,0.34985965490341187,0.2814668118953705,0.3608861565589905,0.1357164978981018,0.40059834718704224,0.15483366292673723,8,0.545264249524847,False,5,8,42,leaky_relu,0.01,1,l2,0.0,mnist,all,sgd,1.0
exp_b_T5_r8_s42_a149_mish.pth,lora,0.031906336545944214,0.019944773986935616,0.21039524674415588,0.08357586711645126,0.7630242109298706,1436.096435546875,18.9215087890625,0.612882673740387,-1.0001407207205069,1.9980941354117487,0.021624557673931122,0.016871502622961998,0.11630401015281677,0.010281778872013092,0.09409123659133911,0.1491164156511209,7,0.7183931693882939,False,5,8,42,mish,0.01,1,l2,0.0,mnist,all,sgd,1.0
exp_b_T5_r8_s42_a149_relu.pth,lora,0.7813513278961182,0.7016105651855469,0.8043185472488403,0.7182894945144653,0.7630242109298706,1563.738037109375,4.195537567138672,0.3647959232330322,-0.007563114374974219,1.0070896057207437,0.6201589107513428,0.4671129584312439,0.4626740515232086,0.1611924171447754,0.3416444957256317,0.15548585611262145,7,0.5363495978103121,False,5,8,42,relu,0.01,1,l2,0.0,mnist,all,sgd,1.0
exp_b_T5_r8_s42_a149_selu.pth,lora,0.5858092904090881,0.5585216283798218,0.7819303274154663,0.6980859041213989,0.7630242109298706,1495.0174560546875,4.432480812072754,0.3832908272743225,-0.053637858766074485,1.0311632614331763,0.4457288384437561,0.3417474627494812,0.38039588928222656,0.14008045196533203,0.40153443813323975,0.18438306140975044,3,0.646836373349554,False,5,8,42,selu,0.01,1,l2,0.0,mnist,all,sgd,1.0
exp_b_T5_r8_s42_a149_sigmoid.pth,lora,0.492658793926239,0.4652427136898041,0.6102019548416138,0.5623594522476196,0.7630242109298706,1199.702880859375,5.003756999969482,0.45727041363716125,-0.4082912293741277,1.2014637369804704,0.3866428732872009,0.28555867075920105,0.384357213973999,0.10601592063903809,0.22584474086761475,0.03612377925863919,3,0.9928704464613423,False,5,8,42,sigmoid,0.01,1,l2,0.0,mnist,all,sgd,1.0
exp_b_T5_r8_s42_a149_silu.pth,lora,0.04099069908261299,0.025212667882442474,0.2549138069152832,0.10848908871412277,0.7630242109298706,1391.9718017578125,18.233566284179688,0.5924744606018066,-1.0001140230991803,1.998088736855167,0.024972297251224518,0.01798093505203724,0.1449335217475891,0.016018401831388474,0.10998028516769409,0.13767822200255023,6,0.7524718712706392,False,5,8,42,silu,0.01,1,l2,0.0,mnist,all,sgd,1.0
exp_b_T5_r8_s42_a149_softplus.pth,lora,0.4999508261680603,0.489951491355896,0.6538592576980591,0.6132702231407166,0.7630242109298706,1113.70166015625,4.737643241882324,0.44387754797935486,-0.5026837911885516,1.3558180462219316,0.3819708824157715,0.30632516741752625,0.4467599093914032,0.11797994375228882,0.20709934830665588,0.1571457186928627,5,0.932033734713954,False,5,8,42,softplus,0.01,1,l2,0.0,mnist,all,sgd,1.0
exp_b_T5_r8_s42_a149_tanh.pth,lora,0.05580228567123413,0.008466839790344238,0.14586910605430603,0.023490875959396362,0.7630242109298706,1507.054931640625,20.16075897216797,0.6505101919174194,-1.0002166745644343,1.5001822345273108,0.018314305692911148,-0.02067405730485916,0.05803418159484863,0.03748797997832298,0.0878349244594574,0.17178990469105687,5,0.6916423611212581,False,5,8,42,tanh,0.01,1,l2,0.0,mnist,all,sgd,1.0
