file,recon,ssim,ssim11,ssim_norm,ssim_norm11,ssim_mean_baseline,ncc,l2,clipped_fraction,pre_clamp_min,pre_clamp_max,ctrl_ssim,ctrl_ssim11,ctrl_ssim_norm,ctrl_margin,ctrl_margin_norm,weight_change,delta_w_effective_rank,feature_stability,ntk_passed,finetune_activation,loss_type,n_steps,rank,seed,lr,n_per_class,anchor_alpha,dataset,source,finetune_optimizer,verify_weight
exp_b_T1_fashion_r8_s42_a149_celu.pth,lora,0.41600972414016724,0.4640432596206665,0.5997405052185059,0.5635049939155579,0.645892322063446,1597.3465576171875,4.991696357727051,0.2410714328289032,-0.122286800518616,0.8723164387257653,0.1630900800228119,0.14859673380851746,0.2710663676261902,0.25291964411735535,0.3286741375923157,1.453889815704755e-07,2,0.999999999999635,True,celu,l2,1,8,42,0.01,1,0.0,fashion,,,
exp_b_T1_fashion_r8_s42_a149_celu_npc5_vw5.pth,lora,0.14656537771224976,0.18775716423988342,0.2191709280014038,0.23562124371528625,0.20695526897907257,1548.2318115234375,12.527593612670898,0.23125000298023224,-0.9815119105911032,1.827781393404997,0.07680223882198334,0.09754590690135956,0.16801729798316956,0.06976313889026642,0.05115363001823425,0.03184197558441843,3,0.9972628379702805,False,celu,l2,1,8,42,0.01,5,0.0,fashion,all,sgd,5.0
exp_b_T1_fashion_r8_s42_a149_elu.pth,lora,0.41600972414016724,0.4640432596206665,0.5997405052185059,0.5635049939155579,0.645892322063446,1597.3465576171875,4.991696357727051,0.2410714328289032,-0.122286800518616,0.8723164387257653,0.1630900800228119,0.14859673380851746,0.2710663676261902,0.25291964411735535,0.3286741375923157,1.453889815704755e-07,2,0.999999999999635,True,elu,l2,1,8,42,0.01,1,0.0,fashion,,,
exp_b_T1_fashion_r8_s42_a149_elu_npc5_vw5.pth,lora,0.14656537771224976,0.18775716423988342,0.2191709280014038,0.23562124371528625,0.20695526897907257,1548.2318115234375,12.527593612670898,0.23125000298023224,-0.9815119105911032,1.827781393404997,0.07680223882198334,0.09754590690135956,0.16801729798316956,0.06976313889026642,0.05115363001823425,0.03184197558441843,3,0.9972628379702805,False,elu,l2,1,8,42,0.01,5,0.0,fashion,all,sgd,5.0
exp_b_T1_fashion_r8_s42_a149_gelu.pth,lora,0.41600972414016724,0.4640432596206665,0.5997405052185059,0.5635049939155579,0.645892322063446,1597.3465576171875,4.991696357727051,0.2410714328289032,-0.122286800518616,0.8723164387257653,0.1630900800228119,0.14859673380851746,0.2710663676261902,0.25291964411735535,0.3286741375923157,0.0004885405709274569,2,0.9999941185859392,True,gelu,l2,1,8,42,0.01,1,0.0,fashion,,,
exp_b_T1_fashion_r8_s42_a149_gelu_npc5.pth,lora,0.1446809023618698,0.19392672181129456,0.22006697952747345,0.238458514213562,0.20695526897907257,1538.2928466796875,11.854494094848633,0.21581633388996124,-0.9466664954795108,1.8274376101426908,0.06760242581367493,0.09607542306184769,0.16175734996795654,0.07707847654819489,0.05830962955951691,0.010132725000260079,8,0.999303536050571,False,gelu,l2,1,8,42,0.01,5,0.0,fashion,,,
exp_b_T1_fashion_r8_s42_a149_gelu_tanh.pth,lora,0.41600972414016724,0.4640432596206665,0.5997405052185059,0.5635049939155579,0.645892322063446,1597.3465576171875,4.991696357727051,0.2410714328289032,-0.122286800518616,0.8723164387257653,0.1630900800228119,0.14859673380851746,0.2710663676261902,0.25291964411735535,0.3286741375923157,0.0004885464529243362,2,0.9999941186363169,True,gelu_tanh,l2,1,8,42,0.01,1,0.0,fashion,,,
exp_b_T1_fashion_r8_s42_a149_gelu_tanh_npc5_vw5.pth,lora,0.1433701366186142,0.1923287808895111,0.21886804699897766,0.2367888242006302,0.20695526897907257,1536.835205078125,11.921186447143555,0.21849489212036133,-0.9466583818597999,1.8274495221697031,0.06670325994491577,0.09519489109516144,0.15984919667243958,0.07666687667369843,0.059018850326538086,0.010132529925507061,8,0.9993036687945737,False,gelu_tanh,l2,1,8,42,0.01,5,0.0,fashion,all,sgd,5.0
exp_b_T1_fashion_r8_s42_a149_hardswish.pth,lora,0.41600972414016724,0.4640432596206665,0.5997405052185059,0.5635049939155579,0.645892322063446,1597.3465576171875,4.991696357727051,0.2410714328289032,-0.122286800518616,0.8723164387257653,0.1630900800228119,0.14859673380851746,0.2710663676261902,0.25291964411735535,0.3286741375923157,0.0006361547506579108,2,0.9999931095674419,True,hardswish,l2,1,8,42,0.01,1,0.0,fashion,,,
exp_b_T1_fashion_r8_s42_a149_hardswish_npc5_vw5.pth,lora,0.15379421412944794,0.2010914832353592,0.2355293333530426,0.24721217155456543,0.20695526897907257,1573.424072265625,10.47649097442627,0.1469387710094452,-0.8932397665573157,1.816424343867822,0.07809606939554214,0.10353027284145355,0.18378996849060059,0.07569814473390579,0.05173936486244202,0.008858280748226578,8,0.9997509721732305,True,hardswish,l2,1,8,42,0.01,5,0.0,fashion,all,sgd,5.0
exp_b_T1_fashion_r8_s42_a149_leaky_relu.pth,lora,0.41600972414016724,0.4640432596206665,0.5997405052185059,0.5635049939155579,0.645892322063446,1597.3465576171875,4.991696357727051,0.2410714328289032,-0.122286800518616,0.8723164387257653,0.1630900800228119,0.14859673380851746,0.2710663676261902,0.25291964411735535,0.3286741375923157,6.784423773123196e-06,2,0.9999449273332629,True,leaky_relu,l2,1,8,42,0.01,1,0.0,fashion,,,
exp_b_T1_fashion_r8_s42_a149_leaky_relu_npc5_vw5.pth,lora,0.17797809839248657,0.23646488785743713,0.27693992853164673,0.30011019110679626,0.20695526897907257,1415.0521240234375,8.677881240844727,0.06071428582072258,-0.09877123597302134,0.9297369970622081,0.0905681848526001,0.12940864264965057,0.20273835957050323,0.08740991353988647,0.0742015689611435,0.02650045442679199,5,0.9343481536599164,False,leaky_relu,l2,1,8,42,0.01,5,0.0,fashion,all,sgd,5.0
exp_b_T1_fashion_r8_s42_a149_mish.pth,lora,0.41600972414016724,0.4640432596206665,0.5997405052185059,0.5635049939155579,0.645892322063446,1597.3465576171875,4.991696357727051,0.2410714328289032,-0.122286800518616,0.8723164387257653,0.1630900800228119,0.14859673380851746,0.2710663676261902,0.25291964411735535,0.3286741375923157,0.00014784187721619742,2,0.9999995699536066,True,mish,l2,1,8,42,0.01,1,0.0,fashion,,,
exp_b_T1_fashion_r8_s42_a149_mish_npc5_vw5.pth,lora,0.14510320127010345,0.19260501861572266,0.22258195281028748,0.23950541019439697,0.20695526897907257,1546.181396484375,12.02945327758789,0.21696428954601288,-0.9568578248061645,1.8274393141854723,0.06933754682540894,0.09620390832424164,0.16351193189620972,0.07576565444469452,0.05907002091407776,0.013921215269503052,6,0.9991639510557981,False,mish,l2,1,8,42,0.01,5,0.0,fashion,all,sgd,5.0
exp_b_T1_fashion_r8_s42_a149_relu.pth,lora,0.41600972414016724,0.4640432596206665,0.5997405052185059,0.5635049939155579,0.645892322063446,1597.3465576171875,4.991696357727051,0.2410714328289032,-0.122286800518616,0.8723164387257653,0.1630900800228119,0.14859673380851746,0.2710663676261902,0.25291964411735535,0.3286741375923157,7.085542657457724e-06,2,0.9999463691013619,True,relu,l2,1,8,42,0.01,1,0.0,fashion,,,
exp_b_T1_fashion_r8_s42_a149_relu_npc5_vw5.pth,lora,0.17911119759082794,0.23778097331523895,0.27969080209732056,0.3025668263435364,0.20695526897907257,1373.8477783203125,8.653826713562012,0.05969387665390968,-0.0912205573029131,0.9297369972812922,0.0912545695900917,0.13020826876163483,0.20470848679542542,0.08785662800073624,0.07498231530189514,0.02649191083877192,5,0.9332274171532312,False,relu,l2,1,8,42,0.01,5,0.0,fashion,all,sgd,5.0
exp_b_T1_fashion_r8_s42_a149_selu.pth,lora,0.41600972414016724,0.4640432596206665,0.5997405052185059,0.5635049939155579,0.645892322063446,1597.3465576171875,4.991696357727051,0.2410714328289032,-0.122286800518616,0.8723164387257653,0.1630900800228119,0.14859673380851746,0.2710663676261902,0.25291964411735535,0.3286741375923157,1.4179955215605676e-10,2,1.0,True,selu,l2,1,8,42,0.01,1,0.0,fashion,,,
exp_b_T1_fashion_r8_s42_a149_selu_npc5_vw5.pth,lora,0.18815886974334717,0.24964579939842224,0.2897775173187256,0.3169110417366028,0.20695526897907257,1330.5537109375,8.539335250854492,0.06198979541659355,-0.10643289906132664,0.9297369975904787,0.09245902299880981,0.13384521007537842,0.2069993019104004,0.09569984674453735,0.0827782154083252,0.05237580062477494,3,0.9752729997003524,False,selu,l2,1,8,42,0.01,5,0.0,fashion,all,sgd,5.0
exp_b_T1_fashion_r8_s42_a149_sigmoid.pth,lora,0.49841418862342834,0.5334690809249878,0.6003170013427734,0.596733570098877,0.645892322063446,1133.7039794921875,4.54240608215332,0.25255101919174194,-0.33509220126940004,1.114337013538005,0.24867558479309082,0.2140796184539795,0.29268476366996765,0.24973860383033752,0.3076322376728058,0.006754625316768394,2,0.9997415457648577,True,sigmoid,l2,1,8,42,0.01,1,0.0,fashion,,,
exp_b_T1_fashion_r8_s42_a149_sigmoid_npc5.pth,lora,0.1623985469341278,0.21992246806621552,0.2624543309211731,0.2774619162082672,0.20695526897907257,1562.047607421875,8.796934127807617,0.05943877622485161,-0.09147392409574281,0.9297369975904787,0.08697672933340073,0.1256173551082611,0.19989672303199768,0.07542181760072708,0.06255760788917542,0.006459821748272035,8,0.9997544481149003,True,sigmoid,l2,1,8,42,0.01,5,0.0,fashion,,,
exp_b_T1_fashion_r8_s42_a149_silu.pth,lora,0.41600972414016724,0.4640432596206665,0.5997405052185059,0.5635049939155579,0.645892322063446,1597.3465576171875,4.991696357727051,0.2410714328289032,-0.122286800518616,0.8723164387257653,0.1630900800228119,0.14859673380851746,0.2710663676261902,0.25291964411735535,0.3286741375923157,0.0005799091908244693,2,0.9999935484224147,True,silu,l2,1,8,42,0.01,1,0.0,fashion,,,
exp_b_T1_fashion_r8_s42_a149_silu_npc5.pth,lora,0.1546502709388733,0.20282049477100372,0.23061910271644592,0.246799498796463,0.20695526897907257,1544.695068359375,10.777952194213867,0.16607142984867096,-0.8835556075641567,1.8155024764049643,0.08030151575803757,0.10467585176229477,0.18220767378807068,0.07434875518083572,0.048411428928375244,0.0092616332872964,8,0.9996380946701386,True,silu,l2,1,8,42,0.01,5,0.0,fashion,,,
exp_b_T1_fashion_r8_s42_a149_softplus.pth,lora,0.48174595832824707,0.5109214782714844,0.5838364362716675,0.5737437009811401,0.645892322063446,1211.515380859375,4.92686653137207,0.2602040767669678,-0.4266397323864749,1.241455148622707,0.24223384261131287,0.20884478092193604,0.28629475831985474,0.2395121157169342,0.29754167795181274,0.038951245575191,1,0.992965950671824,False,softplus,l2,1,8,42,0.01,1,0.0,fashion,,,
exp_b_T1_fashion_r8_s42_a149_softplus_npc5.pth,lora,0.14334669709205627,0.1543627828359604,0.18956570327281952,0.1894885003566742,0.20695526897907257,1533.523681640625,16.2000789642334,0.40625,-0.8919316780784866,1.8494115864327632,0.09680183231830597,0.09073425829410553,0.16773642599582672,0.046544864773750305,0.021829277276992798,0.03171683147603483,6,0.9955525443537936,False,softplus,l2,1,8,42,0.01,5,0.0,fashion,,,
exp_b_T1_fashion_r8_s42_a149_tanh.pth,lora,0.41600972414016724,0.4640432596206665,0.5997405052185059,0.5635049939155579,0.645892322063446,1597.3465576171875,4.991696357727051,0.2410714328289032,-0.122286800518616,0.8723164387257653,0.1630900800228119,0.14859673380851746,0.2710663676261902,0.25291964411735535,0.3286741375923157,1.6589662647758482e-07,2,0.9999999999995641,True,tanh,l2,1,8,42,0.01,1,0.0,fashion,,,
exp_b_T1_fashion_r8_s42_a149_tanh_npc5.pth,lora,0.15107133984565735,0.1877579391002655,0.22359421849250793,0.23409898579120636,0.20695526897907257,1441.1956787109375,11.979334831237793,0.2218112200498581,-0.9654769439309371,1.827451136105422,0.07199689745903015,0.09505091607570648,0.16411831974983215,0.0790744423866272,0.05947589874267578,0.03130604744804473,3,0.9978123187439554,False,tanh,l2,1,8,42,0.01,5,0.0,fashion,,,
exp_b_T1_flowers_r8_s42_a149_celu.pth,lora,0.037469979375600815,0.01604543626308441,0.05150439217686653,-0.00908312201499939,0.6573425531387329,1510.54248046875,24.13763999938965,0.8577806353569031,-0.911772189174182,1.666680830371429,0.023868143558502197,0.008511025458574295,0.001021742820739746,0.013601835817098618,0.050482649356126785,0.0790612194415279,2,0.9189601855072653,False,celu,l2,1,8,42,0.01,1,0.0,flowers,,,
exp_b_T1_flowers_r8_s42_a149_celu_npc5_vw5.pth,lora,0.1559724509716034,0.14882847666740417,0.18472617864608765,0.17218121886253357,0.3421907424926758,1624.4459228515625,14.747987747192383,0.3969387710094452,-0.8317647515278741,1.6462755375762033,0.09596671164035797,0.0818152129650116,0.13695888221263885,0.06000573933124542,0.04776729643344879,0.037969921487958386,5,0.9939678015435714,False,celu,l2,1,8,42,0.01,5,0.0,flowers,all,sgd,5.0
exp_b_T1_flowers_r8_s42_a149_elu.pth,lora,0.037469979375600815,0.01604543626308441,0.05150439217686653,-0.00908312201499939,0.6573425531387329,1510.54248046875,24.13763999938965,0.8577806353569031,-0.911772189174182,1.666680830371429,0.023868143558502197,0.008511025458574295,0.001021742820739746,0.013601835817098618,0.050482649356126785,0.0790612194415279,2,0.9189601855072653,False,elu,l2,1,8,42,0.01,1,0.0,flowers,,,
exp_b_T1_flowers_r8_s42_a149_elu_npc5_vw5.pth,lora,0.1559724509716034,0.14882847666740417,0.18472617864608765,0.17218121886253357,0.3421907424926758,1624.4459228515625,14.747987747192383,0.3969387710094452,-0.8317647515278741,1.6462755375762033,0.09596671164035797,0.0818152129650116,0.13695888221263885,0.06000573933124542,0.04776729643344879,0.037969921487958386,5,0.9939678015435714,False,elu,l2,1,8,42,0.01,5,0.0,flowers,all,sgd,5.0
exp_b_T1_flowers_r8_s42_a149_gelu.pth,lora,0.046364203095436096,0.04751019552350044,0.091163270175457,0.06853394955396652,0.6573425531387329,1441.0950927734375,21.279197692871094,0.7002550959587097,-0.9039243513419212,1.694120132709942,0.017832279205322266,0.017393779009580612,0.01960720494389534,0.02853192389011383,0.07155606523156166,0.025636536483794787,2,0.9890753945609663,False,gelu,l2,1,8,42,0.01,1,0.0,flowers,,,
exp_b_T1_flowers_r8_s42_a149_gelu_npc5_vw5.pth,lora,0.12655408680438995,0.12063666433095932,0.16360557079315186,0.14363914728164673,0.3421907424926758,1474.340576171875,14.419194221496582,0.4154336750507355,-0.8056864603874785,1.646274244339629,0.07856228202581406,0.05482275411486626,0.1321212351322174,0.0479918047785759,0.03148433566093445,0.012101024616862376,8,0.9989357260093187,False,gelu,l2,1,8,42,0.01,5,0.0,flowers,all,sgd,5.0
exp_b_T1_flowers_r8_s42_a149_gelu_tanh.pth,lora,0.046463046222925186,0.04780671000480652,0.09169476479291916,0.06937138736248016,0.6573425531387329,1440.2705078125,21.18669319152832,0.6945152878761292,-0.903924284787394,1.6941189163169954,0.017664063721895218,0.01754707843065262,0.019772404804825783,0.028798982501029968,0.07192235998809338,0.025636125151805293,2,0.9890759803650709,False,gelu_tanh,l2,1,8,42,0.01,1,0.0,flowers,,,
exp_b_T1_flowers_r8_s42_a149_gelu_tanh_npc5_vw5.pth,lora,0.12861268222332,0.12381203472614288,0.1650734692811966,0.14682766795158386,0.3421907424926758,1473.4072265625,14.2159423828125,0.4080357253551483,-0.8005780140535281,1.6462739818661407,0.07940863817930222,0.05654937028884888,0.13373813033103943,0.04920404404401779,0.031335338950157166,0.012100713404249558,8,0.9989358756059659,False,gelu_tanh,l2,1,8,42,0.01,5,0.0,flowers,all,sgd,5.0
exp_b_T1_flowers_r8_s42_a149_hardswish.pth,lora,0.04996378719806671,0.05943357199430466,0.10506869852542877,0.0915658175945282,0.6573425531387329,1470.6988525390625,20.175643920898438,0.65625,-0.9039236913148706,1.688977634034747,0.01564721204340458,0.02556728571653366,0.024559104815125465,0.03431657515466213,0.0805095937103033,0.023029633319012276,2,0.9924969732915496,False,hardswish,l2,1,8,42,0.01,1,0.0,flowers,all,sgd,1.0
exp_b_T1_flowers_r8_s42_a149_hardswish_npc5_vw5.pth,lora,0.20680086314678192,0.20174047350883484,0.21621520817279816,0.21946677565574646,0.3421907424926758,1520.005126953125,7.985681056976318,0.09209183603525162,-0.7598726673219804,1.581451183313072,0.11710512638092041,0.10177429765462875,0.15159699320793152,0.08969573676586151,0.06461821496486664,0.010777356946344683,8,0.9994973908127277,False,hardswish,l2,1,8,42,0.01,5,0.0,flowers,all,sgd,5.0
exp_b_T1_flowers_r8_s42_a149_leaky_relu.pth,lora,0.6847897171974182,0.7383160591125488,0.6718853712081909,0.7418313026428223,0.6573425531387329,555.3801879882812,2.5488555431365967,0.0,0.03590382349624635,0.7212243075594208,0.46592822670936584,0.5144484043121338,0.4400646984577179,0.21886149048805237,0.23182067275047302,0.04431980166737538,2,0.8252260862612775,False,leaky_relu,l2,1,8,42,0.01,1,0.0,flowers,all,sgd,1.0
exp_b_T1_flowers_r8_s42_a149_leaky_relu_npc5_vw5.pth,lora,0.30903536081314087,0.3180980384349823,0.30449095368385315,0.3488888144493103,0.3421907424926758,1337.60546875,4.817287445068359,0.0,0.10706494985265581,0.7502451555828799,0.197244793176651,0.1783439815044403,0.18529479205608368,0.11179056763648987,0.11919616162776947,0.02262453996221275,7,0.9485730305243596,False,leaky_relu,l2,1,8,42,0.01,5,0.0,flowers,all,sgd,5.0
exp_b_T1_flowers_r8_s42_a149_mish.pth,lora,0.043985310941934586,0.04690788686275482,0.08886121213436127,0.0654633566737175,0.6573425531387329,1461.53662109375,21.628746032714844,0.7257652878761292,-0.9039260597899773,1.6941205770235641,0.01676785945892334,0.018472744151949883,0.016236163675785065,0.027217451483011246,0.0726250484585762,0.035093871899270865,2,0.981690872766263,False,mish,l2,1,8,42,0.01,1,0.0,flowers,,,
exp_b_T1_flowers_r8_s42_a149_mish_npc5_vw5.pth,lora,0.1449742615222931,0.142806738615036,0.1755753755569458,0.1649746596813202,0.3421907424926758,1486.101318359375,13.848773002624512,0.3970663249492645,-0.8054805714461362,1.6462746652537068,0.08786897361278534,0.06471389532089233,0.13831186294555664,0.05710528790950775,0.03726351261138916,0.016733248204770745,8,0.9984759979392657,False,mish,l2,1,8,42,0.01,5,0.0,flowers,all,sgd,5.0
exp_b_T1_flowers_r8_s42_a149_relu.pth,lora,0.685187578201294,0.7387630343437195,0.6723051071166992,0.742283046245575,0.6573425531387329,552.84375,2.546037435531616,0.0,0.035860456951004316,0.7213043070297291,0.46618199348449707,0.5147651433944702,0.4403292238712311,0.21900558471679688,0.23197588324546814,0.04457801970756946,2,0.8215889186459078,False,relu,l2,1,8,42,0.01,1,0.0,flowers,all,sgd,1.0
exp_b_T1_flowers_r8_s42_a149_relu_npc5_vw5.pth,lora,0.31170666217803955,0.32141274213790894,0.307486355304718,0.35211294889450073,0.3421907424926758,1327.1519775390625,4.7910661697387695,0.0,0.10279656821552804,0.7588687811198606,0.19704756140708923,0.17842929065227509,0.18569418787956238,0.11465910077095032,0.12179216742515564,0.02268219978279853,7,0.9472958620385896,False,relu,l2,1,8,42,0.01,5,0.0,flowers,all,sgd,5.0
exp_b_T1_flowers_r8_s42_a149_selu.pth,lora,0.7892671823501587,0.8488911986351013,0.7831408977508545,0.8527612686157227,0.6573425531387329,170.53204345703125,1.7555780410766602,0.0,0.01910151285081317,0.7470801498127834,0.5228400826454163,0.5842380523681641,0.4993610382080078,0.26642709970474243,0.2837798595428467,0.1349252340952049,2,0.7661114032762706,False,selu,l2,1,8,42,0.01,1,0.0,flowers,,,
exp_b_T1_flowers_r8_s42_a149_selu_npc5_vw5.pth,lora,0.3173743486404419,0.3284057080745697,0.3088894784450531,0.3590383529663086,0.3421907424926758,1234.652099609375,4.675822734832764,0.0,0.09967397822586521,0.7401443336039262,0.20512938499450684,0.18955282866954803,0.18895049393177032,0.11224496364593506,0.11993898451328278,0.0642397071264175,5,0.9590097039534918,False,selu,l2,1,8,42,0.01,5,0.0,flowers,all,sgd,5.0
exp_b_T1_flowers_r8_s42_a149_sigmoid.pth,lora,0.537749171257019,0.5983018279075623,0.5420511364936829,0.6009243130683899,0.6573425531387329,1333.414306640625,3.5496068000793457,0.008928571827709675,-0.11282203101214779,1.1339929344710362,0.3578260838985443,0.4123588800430298,0.3512803316116333,0.17992308735847473,0.19077080488204956,0.00654246758025671,2,0.9997259496058927,True,sigmoid,l2,1,8,42,0.01,1,0.0,flowers,,,
exp_b_T1_flowers_r8_s42_a149_sigmoid_npc5_vw5.pth,lora,0.2733907103538513,0.2790110111236572,0.2611411511898041,0.303605318069458,0.3421907424926758,1556.00390625,5.036838054656982,0.0,0.11009470335523758,0.7069918995512631,0.18841782212257385,0.17062397301197052,0.17428836226463318,0.08497288823127747,0.0868527889251709,0.006192151314938293,8,0.999739561215765,True,sigmoid,l2,1,8,42,0.01,5,0.0,flowers,all,sgd,5.0
exp_b_T1_flowers_r8_s42_a149_silu.pth,lora,0.04557202383875847,0.05146269127726555,0.09513082355260849,0.07551029324531555,0.6573425531387329,1462.721923828125,21.016738891601562,0.6906887888908386,-0.9039233140418811,1.693728943217744,0.017077423632144928,0.02201664447784424,0.02133774198591709,0.02849460020661354,0.0737930815666914,0.023907900739209807,2,0.991525548260402,False,silu,l2,1,8,42,0.01,1,0.0,flowers,,,
exp_b_T1_flowers_r8_s42_a149_silu_npc5_vw5.pth,lora,0.24446240067481995,0.24460113048553467,0.2507851719856262,0.26328524947166443,0.3421907424926758,1533.223388671875,6.623741149902344,0.04426020383834839,-0.5097631395741895,1.591387019520695,0.14709749817848206,0.1352616250514984,0.17205935716629028,0.09736490249633789,0.07872581481933594,0.011194819837515078,8,0.9993474413385365,False,silu,l2,1,8,42,0.01,5,0.0,flowers,all,sgd,5.0
exp_b_T1_flowers_r8_s42_a149_softplus.pth,lora,0.5411937236785889,0.5951127409934998,0.5448657274246216,0.5969704389572144,0.6573425531387329,1285.5628662109375,3.764967441558838,0.025510204955935478,-0.24101149630583507,1.3165686165728006,0.3840533196926117,0.4374784827232361,0.3791200518608093,0.15714040398597717,0.16574567556381226,0.032896136063849835,2,0.9935093270174997,False,softplus,l2,1,8,42,0.01,1,0.0,flowers,,,
exp_b_T1_flowers_r8_s42_a149_softplus_npc5_vw5.pth,lora,0.1527538150548935,0.13554535806179047,0.1850336641073227,0.162541002035141,0.3421907424926758,1626.994384765625,13.46045970916748,0.28354591131210327,-0.7946401034779942,1.6462750051126893,0.10937614738941193,0.07916481792926788,0.13778814673423767,0.04337766766548157,0.04724551737308502,0.028244460184653056,6,0.994549992676189,False,softplus,l2,1,8,42,0.01,5,0.0,flowers,all,sgd,5.0
exp_b_T1_flowers_r8_s42_a149_tanh.pth,lora,0.017036492004990578,0.012465067207813263,0.1389555037021637,0.09243705868721008,0.6573425531387329,1477.060546875,22.010568618774414,0.7863520383834839,-0.9117680784341052,1.6725562611378666,0.04461668059229851,0.047551244497299194,0.18305663764476776,-0.02758018858730793,-0.044101133942604065,0.07865046174130626,2,0.920047330973389,False,tanh,l2,1,8,42,0.01,1,0.0,flowers,,,
exp_b_T1_flowers_r8_s42_a149_tanh_npc5_vw5.pth,lora,0.15810704231262207,0.15775658190250397,0.19816654920578003,0.18620970845222473,0.3421907424926758,1477.978271484375,13.360153198242188,0.3565050959587097,-0.8009817354924859,1.64305197015979,0.08925937116146088,0.07776820659637451,0.15000680088996887,0.0688476711511612,0.04815974831581116,0.038061632328344,5,0.9943729769670038,False,tanh,l2,1,8,42,0.01,5,0.0,flowers,all,sgd,5.0
exp_b_T1_full_free_s42_a149.pth,full,0.719342052936554,0.6609070301055908,0.749497652053833,0.6745721697807312,0.7630242109298706,1464.0517578125,4.956414699554443,0.5497449040412903,-0.3265017441867267,1.2384713447788456,0.5964958667755127,0.4707906246185303,0.17958024144172668,0.12284618616104126,0.5699174106121063,0.024983868644015726,2,0.7494568388995299,False,,l2,1,,42,0.01,1,,mnist,,,
exp_b_T1_full_s42_a149.pth,full,0.9605361223220825,0.984760046005249,0.97319096326828,0.9915546774864197,0.7630242109298706,1.27093505859375,0.23864877223968506,0.45344388484954834,-0.04074915636508375,1.042300004814538,0.6719846725463867,0.5376015901565552,0.18098817765712738,0.2885514497756958,0.7922027856111526,0.024983868644015726,2,0.7494568388995299,False,,l2,1,,42,0.01,1,,mnist,,,
exp_b_T1_full_s42_a149_npc16.pth,full,0.26894161105155945,0.2515423595905304,0.5157825946807861,0.4344004690647125,0.40075942873954773,1463.032470703125,7.315520286560059,0.2900988459587097,-0.6048972887971615,1.5728973337860392,0.23524409532546997,0.20674175024032593,0.44210782647132874,0.03369751572608948,0.0736747682094574,0.0020081127328830553,13,0.9971611813432801,True,,l2,1,,42,0.01,16,0.0,mnist,,,
exp_b_T1_full_s42_a149_npc2.pth,full,0.6394819617271423,0.6734296083450317,0.7738611698150635,0.7782272696495056,0.6738914847373962,788.227294921875,3.0513949394226074,0.39094388484954834,-0.12229377472189855,1.032328528139993,0.4417588710784912,0.36297962069511414,0.20602959394454956,0.19772309064865112,0.5678315758705139,0.014176770221911801,4,0.9095893985891248,False,,l2,1,,42,0.01,2,0.0,mnist,,,
exp_b_T1_full_s42_a149_npc4.pth,full,0.4189126193523407,0.43423032760620117,0.6410106420516968,0.592663049697876,0.566837728023529,1178.1669921875,5.010003089904785,0.3483737111091614,-0.12227003674111399,1.0585599915828383,0.3193615972995758,0.27597886323928833,0.3695383071899414,0.09955102205276489,0.27147233486175537,0.007081105269543054,6,0.9679288516121307,False,,l2,1,,42,0.01,4,0.0,mnist,,,
exp_b_T1_full_s42_a149_npc8.pth,full,0.28129708766937256,0.2949141263961792,0.5408154726028442,0.4846155643463135,0.44787657260894775,1381.9310302734375,6.2303786277771,0.2857142984867096,-0.1222914804553009,1.0646177900541163,0.22876262664794922,0.21646402776241302,0.4065973162651062,0.05253446102142334,0.13421815633773804,0.003079904904759719,8,0.9929158782759482,True,,l2,1,,42,0.01,8,0.0,mnist,,,
exp_b_T1_full_s43_a149.pth,full,0.34031498432159424,0.3814602792263031,0.6332608461380005,0.5946730375289917,0.6961908340454102,1541.3343505859375,6.12516975402832,0.3386479616165161,-0.1159143624488946,1.023603176925925,0.20201319456100464,0.17857535183429718,0.5440094470977783,0.1383017897605896,0.08925139904022217,2.000587456056758e-10,2,0.9999999999999999,True,,l2,1,,43,0.01,1,0.0,mnist,,,
exp_b_T1_full_s43_a149_npc16.pth,full,0.2158837765455246,0.1942863166332245,0.48067793250083923,0.3852122724056244,0.40940842032432556,1530.13671875,7.560108184814453,0.2602040767669678,-0.13010738237200414,1.0348705708764943,0.197402223944664,0.17193904519081116,0.47395989298820496,0.018481552600860596,0.006718039512634277,0.001936036059299351,9,0.997348550323332,True,,l2,1,,43,0.01,16,0.0,mnist,,,
exp_b_T1_full_s43_a149_npc2.pth,full,0.2607988715171814,0.2772848606109619,0.5646553635597229,0.5036206245422363,0.5967914462089539,1529.211669921875,6.579102039337158,0.30612245202064514,-0.12430686370285852,1.0271509339165201,0.21279451251029968,0.20948341488838196,0.5542936325073242,0.048004359006881714,0.010361731052398682,9.954942851430783e-11,4,1.0,True,,l2,1,,43,0.01,2,0.0,mnist,,,
exp_b_T1_full_s43_a149_npc4.pth,full,0.40048113465309143,0.39877527952194214,0.6232037544250488,0.5547168254852295,0.47215166687965393,1139.1064453125,5.442538261413574,0.3081951439380646,-0.11591436244890296,1.025314370051883,0.2716267704963684,0.19511325657367706,0.5067542195320129,0.12885436415672302,0.11644953489303589,0.00627143453466248,2,0.9822053606814259,False,,l2,1,,43,0.01,4,0.0,mnist,,,
exp_b_T1_full_s43_a149_npc8.pth,full,0.3168818950653076,0.32340553402900696,0.5605193376541138,0.49962082505226135,0.4329995810985565,1278.749267578125,6.421180725097656,0.28595343232154846,-0.26123067606441924,1.1768124386961518,0.23496952652931213,0.1891631931066513,0.4812055230140686,0.08191236853599548,0.07931381464004517,0.002725306332882579,5,0.9965482120132503,True,,l2,1,,43,0.01,8,0.0,mnist,,,
exp_b_T1_full_s44_a149.pth,full,0.38054439425468445,0.4446123242378235,0.6675338745117188,0.6086702346801758,0.7227872610092163,1530.94189453125,5.76961088180542,0.34183672070503235,-0.11952206396006308,1.053572172056541,0.21003521978855133,0.1970786154270172,0.37204796075820923,0.17050917446613312,0.2954859137535095,8.660195265415949e-05,2,0.9999506229589885,True,,l2,1,,44,0.01,1,0.0,mnist,,,
exp_b_T1_full_s44_a149_npc16.pth,full,0.26490288972854614,0.24419312179088593,0.49282407760620117,0.4131599962711334,0.42932695150375366,1487.1138916015625,7.459451198577881,0.2936065196990967,-0.47987153008759914,1.2519232679645453,0.2317165583372116,0.19784915447235107,0.4413866102695465,0.033186331391334534,0.05143746733665466,0.0017874208171529367,11,0.9985134010614742,True,,l2,1,,44,0.01,16,0.0,mnist,,,
exp_b_T1_full_s44_a149_npc2.pth,full,0.623699963092804,0.6432957053184509,0.7500561475753784,0.7186478972434998,0.5905003547668457,785.5794677734375,3.5999090671539307,0.3890306055545807,-0.1195220636611096,1.0325264242878962,0.38056737184524536,0.24308347702026367,0.29333800077438354,0.2431325912475586,0.4567181468009949,0.01213806360280782,2,0.9605764334175569,False,,l2,1,,44,0.01,2,0.0,mnist,,,
exp_b_T1_full_s44_a149_npc4.pth,full,0.41313910484313965,0.42383575439453125,0.63295978307724,0.576501190662384,0.492693156003952,1176.4097900390625,5.660025596618652,0.3214285671710968,-0.11952206396081369,1.0461763473569938,0.2752276360988617,0.2071923017501831,0.37900590896606445,0.13791146874427795,0.25395387411117554,0.004764591763568278,2,0.988662065545465,False,,l2,1,,44,0.01,4,0.0,mnist,,,
exp_b_T1_full_s44_a149_npc8.pth,full,0.4002617597579956,0.4084451496601105,0.6140754222869873,0.5661020278930664,0.4273524284362793,1111.4810791015625,5.6385626792907715,0.3156887888908386,-0.6382487164100604,1.3876929456943392,0.27247974276542664,0.20972475409507751,0.3875807821750641,0.12778201699256897,0.22649464011192322,0.0036110063021558237,6,0.9957290046300069,True,,l2,1,,44,0.01,8,0.0,mnist,,,
exp_b_T1_r16_free_s123_a10000.pth,lora,0.5232394337654114,0.5020021200180054,0.6726800203323364,0.61138916015625,0.7474428415298462,1560.35888671875,5.253421306610107,0.3711734712123871,-0.12006562331417725,1.0686433796295478,0.37888485193252563,0.31086236238479614,0.35181987285614014,0.14435458183288574,0.3208601474761963,2.541490345309579e-07,2,0.9999999999990709,True,,l2,1,16,123,0.01,1,,mnist,,,
exp_b_T1_r16_free_s2026_a10000.pth,lora,0.53908371925354,0.509575366973877,0.7534224987030029,0.667066216468811,0.738010048866272,1023.7440795898438,5.343018054962158,0.38966837525367737,-0.06029577060410122,1.0215892601114527,0.3911990225315094,0.29932624101638794,0.587681233882904,0.14788469672203064,0.16574126482009888,0.0032515445064505463,2,0.9810238005867966,False,,l2,1,16,2026,0.01,1,,mnist,,,
exp_b_T1_r16_free_s42_a10000.pth,full,0.9975078105926514,0.9992915391921997,0.9986075162887573,0.9997438192367554,0.7630242109298706,0.03704833984375,0.0325295552611351,0.4241071343421936,-0.004079206030320193,1.004422029997722,0.6918098330497742,0.5392019748687744,0.17604252696037292,0.3056979775428772,0.8225649893283844,0.02498386864401573,2,0.74945683889953,False,,l2,1,16,42,0.01,1,,mnist,,,
exp_b_T1_r16_free_s42_a10000.pth,lora,0.5830597877502441,0.64186030626297,0.7949353456497192,0.817206859588623,0.7630242109298706,188.359375,2.503633975982666,0.375,-0.0949144290580193,1.043888479438549,0.39342764019966125,0.3363255262374878,0.2641366124153137,0.18963214755058289,0.5307987332344055,0.07304594349202055,2,0.6890361844110806,False,,l2,1,16,42,0.01,1,,mnist,,,
exp_b_T1_r16_free_s42_a149.pth,full,0.9943171143531799,0.9982234239578247,0.9967334270477295,0.9993125200271606,0.7630242109298706,0.02862548828125,0.04900423809885979,0.42091837525367737,-0.0028854011323404165,0.9993552654202122,0.6902018785476685,0.538669228553772,0.17497020959854126,0.3041152358055115,0.8217632174491882,0.02492856502813777,2,0.7518247206960298,False,,l2,1,16,42,0.01,1,,mnist,,,
exp_b_T1_r16_free_s42_a149.pth,lora,0.6237121820449829,0.6698339581489563,0.8011353015899658,0.8130180835723877,0.7630242109298706,604.9759521484375,2.7291476726531982,0.3832908272743225,-0.08360519538282916,1.01356536262389,0.4253957271575928,0.3416719436645508,0.2660362720489502,0.19831645488739014,0.5350990295410156,0.07270860178201996,2,0.6933483433693729,False,,l2,1,16,42,0.01,1,,mnist,,,
exp_b_T1_r16_free_s7_a10000.pth,lora,0.5210357904434204,0.5223734378814697,0.6397460103034973,0.5889535546302795,0.6904239654541016,1584.2852783203125,5.878273010253906,0.3169642984867096,-0.10837448682470216,1.0374552601191074,0.31256160140037537,0.18660184741020203,0.4664277136325836,0.20847418904304504,0.1733182966709137,7.043902682692121e-09,2,0.9999999999999993,True,,l2,1,16,7,0.01,1,,mnist,,,
exp_b_T1_r16_free_s999_a10000.pth,lora,0.48835915327072144,0.4804813265800476,0.6872449517250061,0.6158441305160522,0.7062060236930847,1418.5980224609375,5.9326066970825195,0.3341836631298065,-0.1744002766739751,1.0748779950084486,0.37433379888534546,0.3289533853530884,0.5483388304710388,0.11402535438537598,0.13890612125396729,3.7647314672151095e-11,2,1.0,True,,l2,1,16,999,0.01,1,,mnist,,,
exp_b_T1_r16_s42_a10000.pth,lora,0.7689934968948364,0.725990891456604,0.8289073705673218,0.7687852382659912,0.7630242109298706,107.11883544921875,3.7236831188201904,0.4770408272743225,-0.0504829360612957,0.9990375355999174,0.5939527750015259,0.4529981017112732,0.43332958221435547,0.17504072189331055,0.3955777883529663,0.05809451310313515,2,0.7361208175570009,False,,l2,1,16,42,0.01,1,,mnist,,,
exp_b_T1_r16_s42_a149.pth,lora,0.43434399366378784,0.46129775047302246,0.6563270092010498,0.6439110040664673,0.7630242109298706,957.859375,4.853546619415283,0.4272959232330322,-0.6489957943321196,1.2127538231102626,0.3195515275001526,0.2791633605957031,0.30950501561164856,0.11479246616363525,0.34682199358940125,0.05809451310313515,2,0.7361208175570009,False,,l2,1,16,42,0.01,1,,mnist,,,
exp_b_T1_r32_free_s123_a10000.pth,lora,0.5059183239936829,0.4896067976951599,0.6688503623008728,0.607969343662262,0.7474428415298462,1577.494873046875,5.257254600524902,0.3743622303009033,-0.12279605951360438,1.0697741541956804,0.3620917499065399,0.30050724744796753,0.3507300913333893,0.14382657408714294,0.3181202709674835,1.8601043643125865e-07,2,0.9999999999995137,True,,l2,1,32,123,0.01,1,,mnist,,,
exp_b_T1_r32_free_s2026_a10000.pth,lora,0.5225095152854919,0.5003615617752075,0.7463135719299316,0.6631168127059937,0.738010048866272,822.5958862304688,5.293689727783203,0.39094388484954834,-0.08313407532661544,1.0266947960232817,0.369456946849823,0.2782773971557617,0.5800853371620178,0.15305256843566895,0.16622823476791382,0.002780016339031219,2,0.9851995595326782,False,,l2,1,32,2026,0.01,1,,mnist,,,
exp_b_T1_r32_free_s42_a10000.pth,full,0.9975078105926514,0.9992915391921997,0.9986075162887573,0.9997438192367554,0.7630242109298706,0.03704833984375,0.0325295552611351,0.4241071343421936,-0.004079206030320193,1.004422029997722,0.6918098330497742,0.5392019748687744,0.17604252696037292,0.3056979775428772,0.8225649893283844,0.02498386864401573,2,0.74945683889953,False,,l2,1,32,42,0.01,1,,mnist,,,
exp_b_T1_r32_free_s42_a10000.pth,lora,0.608006477355957,0.652553141117096,0.797022819519043,0.809956431388855,0.7630242109298706,223.032470703125,2.716068744659424,0.3966836631298065,-0.19495137085249117,1.111291610946604,0.43309658765792847,0.37924084067344666,0.3328348994255066,0.17490988969802856,0.4641879200935364,0.049559781868582564,2,0.7571074732713232,False,,l2,1,32,42,0.01,1,,mnist,,,
exp_b_T1_r32_free_s42_a149.pth,full,0.9943171143531799,0.9982234239578247,0.9967334270477295,0.9993125200271606,0.7630242109298706,0.02862548828125,0.04900423809885979,0.42091837525367737,-0.0028854011323404165,0.9993552654202122,0.6902018785476685,0.538669228553772,0.17497020959854126,0.3041152358055115,0.8217632174491882,0.02492856502813777,2,0.7518247206960298,False,,l2,1,32,42,0.01,1,,mnist,,,
exp_b_T1_r32_free_s42_a149.pth,lora,0.6796475648880005,0.6724250316619873,0.8357090950012207,0.787411093711853,0.7630242109298706,65.05792236328125,3.4373090267181396,0.38201531767845154,-0.03476777890671731,0.9943508253011215,0.500701367855072,0.39833760261535645,0.39244335889816284,0.17894619703292847,0.44326573610305786,0.0494451711066996,2,0.7645214778410625,False,,l2,1,32,42,0.01,1,,mnist,,,
exp_b_T1_r32_free_s7_a10000.pth,lora,0.5194212198257446,0.522000789642334,0.6404513120651245,0.5893440246582031,0.6904239654541016,1603.239501953125,5.881287097930908,0.31823980808258057,-0.10786031084825426,1.0374326050994802,0.31086909770965576,0.1859380304813385,0.46711403131484985,0.20855212211608887,0.17333728075027466,5.1001015008780715e-09,2,0.9999999999999997,True,,l2,1,32,7,0.01,1,,mnist,,,
exp_b_T1_r32_free_s999_a10000.pth,lora,0.49799656867980957,0.48624181747436523,0.6968891620635986,0.6224643588066101,0.7062060236930847,1395.915283203125,5.916620254516602,0.3252550959587097,-0.16327912893056293,1.066419481574174,0.38300779461860657,0.3335134983062744,0.5576515197753906,0.114988774061203,0.139237642288208,2.5118867097132234e-11,2,1.0,True,,l2,1,32,999,0.01,1,,mnist,,,
exp_b_T1_r32_s42_a10000.pth,lora,0.6966038942337036,0.697113037109375,0.8255789279937744,0.7911126613616943,0.7630242109298706,158.70526123046875,3.355020523071289,0.4011479616165161,-0.08883674400822522,0.969585323992764,0.5213872790336609,0.4322933554649353,0.39698848128318787,0.17521661520004272,0.42859044671058655,0.05207206962601427,2,0.7374616938373978,False,,l2,1,32,42,0.01,1,,mnist,,,
exp_b_T1_r32_s42_a149.pth,full,0.9605361223220825,0.984760046005249,0.97319096326828,0.9915546774864197,0.7630242109298706,1.27093505859375,0.23864877223968506,0.45344388484954834,-0.04074915636508375,1.042300004814538,0.6719846725463867,0.5376015901565552,0.18098817765712738,0.2885514497756958,0.7922027856111526,0.024983868644015726,2,0.7494568388995299,False,,l2,1,32,42,0.01,1,,mnist,,,
exp_b_T1_r32_s42_a149.pth,lora,0.14748317003250122,0.1316065788269043,0.27886027097702026,0.1962304562330246,0.7630242109298706,1430.7774658203125,12.207117080688477,0.5695152878761292,-1.000124970189945,1.5883882562380855,0.10894782096147537,0.09978827089071274,0.13409627974033356,0.03853534907102585,0.1447639912366867,0.04955978186858256,2,0.7571074732713231,False,,l2,1,32,42,0.01,1,,mnist,,,
exp_b_T1_r4_free_s42_a10000.pth,lora,0.5087670087814331,0.5242101550102234,0.7533888816833496,0.7141354084014893,0.7630242109298706,355.9246520996094,3.818192720413208,0.3979591727256775,-0.10493565725340524,0.9998637239140782,0.3559178113937378,0.2929595708847046,0.31698673963546753,0.1528491973876953,0.4364021420478821,0.12877100062185806,2,0.5821692482977734,False,,l2,1,4,42,0.01,1,,mnist,,,
exp_b_T1_r4_s42_a10000.pth,lora,0.6147830486297607,0.6579791307449341,0.8002498149871826,0.8104807734489441,0.7630242109298706,161.63238525390625,2.7799324989318848,0.3577806055545807,-0.13926649155643148,0.9332766311875902,0.4496602416038513,0.38962066173553467,0.3759814500808716,0.16512280702590942,0.42426836490631104,0.12877100062185806,2,0.5821692482977734,False,,l2,1,4,42,0.01,1,,mnist,,,
exp_b_T1_r64_free_s42_a10000.pth,lora,0.6354348659515381,0.6165862679481506,0.7268895506858826,0.6747686862945557,0.7630242109298706,1388.21240234375,4.182555675506592,0.4878826439380646,-0.22782971984779482,1.1468239195123597,0.5080915093421936,0.4145359694957733,0.22947275638580322,0.12734335660934448,0.49741679430007935,0.03086528781666955,2,0.8130875595374295,False,,l2,1,64,42,0.01,1,,mnist,,,
exp_b_T1_r64_free_s42_a149.pth,full,0.719342052936554,0.6609070301055908,0.749497652053833,0.6745721697807312,0.7630242109298706,1464.0517578125,4.956414699554443,0.5497449040412903,-0.3265017441867267,1.2384713447788456,0.5964958667755127,0.4707906246185303,0.17958024144172668,0.12284618616104126,0.5699174106121063,0.024983868644015726,2,0.7494568388995299,False,,l2,1,64,42,0.01,1,,mnist,,,
exp_b_T1_r64_free_s42_a149.pth,lora,0.26320773363113403,0.28780484199523926,0.37879830598831177,0.3773536682128906,0.7630242109298706,614.161865234375,7.911837100982666,0.5338010191917419,-1.0000379906175736,1.5803998689511958,0.13797959685325623,0.13202518224716187,0.16134902834892273,0.1252281367778778,0.21744927763938904,0.03398269741301754,2,0.7798445999849177,False,,l2,1,64,42,0.01,1,,mnist,,,
exp_b_T1_r64_s42_a10000.pth,lora,0.7140974998474121,0.6967947483062744,0.8281852006912231,0.7738341093063354,0.7630242109298706,123.43878173828125,3.5964903831481934,0.36862245202064514,-0.0813262592489788,0.9921514467641566,0.5494489669799805,0.44169580936431885,0.45875176787376404,0.16464853286743164,0.3694334328174591,0.03086528781666955,2,0.8130875595374295,False,,l2,1,64,42,0.01,1,,mnist,,,
exp_b_T1_r64_s42_a149.pth,full,0.9605361223220825,0.984760046005249,0.97319096326828,0.9915546774864197,0.7630242109298706,1.27093505859375,0.23864877223968506,0.45344388484954834,-0.04074915636508375,1.042300004814538,0.6719846725463867,0.5376015901565552,0.18098817765712738,0.2885514497756958,0.7922027856111526,0.024983868644015726,2,0.7494568388995299,False,,l2,1,64,42,0.01,1,,mnist,,,
exp_b_T1_r64_s42_a149.pth,lora,0.6919534206390381,0.710541844367981,0.7827771902084351,0.7730156183242798,0.7630242109298706,419.210205078125,3.4249181747436523,0.4381377696990967,-0.15551535656607923,1.0478721324599503,0.5341485738754272,0.43732401728630066,0.4105216860771179,0.15780484676361084,0.37225550413131714,0.03398269741301754,2,0.7798445999849177,False,,l2,1,64,42,0.01,1,,mnist,,,
exp_b_T1_r8_free_s0_a10000.pth,full,0.5925594568252563,0.5750390291213989,0.6860169172286987,0.6555638909339905,0.8091709613800049,1621.4725341796875,4.579181671142578,0.43176019191741943,-0.10678537620319949,1.0707242460876623,0.46830472350120544,0.368159681558609,0.3911462426185608,0.1242547333240509,0.29487067461013794,9.570894034102127e-07,2,0.9999999999700268,True,,l2,1,8,0,0.01,1,,mnist,,,
exp_b_T1_r8_free_s0_a10000.pth,lora,0.57740718126297,0.5698608756065369,0.6835089921951294,0.6604587435722351,0.8091709613800049,1635.731689453125,4.590537071228027,0.4068877696990967,-0.09148208500339677,1.0330316003378657,0.45507001876831055,0.3696304261684418,0.3923080861568451,0.12233716249465942,0.2912009060382843,3.449834501405105e-06,2,0.9995980711976524,True,,l2,1,8,0,0.01,1,,mnist,,,
exp_b_T1_r8_free_s0_a149.pth,full,0.5925594568252563,0.5750390291213989,0.6860169172286987,0.6555638909339905,0.8091709613800049,1621.4725341796875,4.579181671142578,0.43176019191741943,-0.10678537620319949,1.0707242460876623,0.46830472350120544,0.368159681558609,0.3911462426185608,0.1242547333240509,0.29487067461013794,9.570894034102127e-07,2,0.9999999999700268,True,,l2,1,8,0,0.01,1,,mnist,,,
exp_b_T1_r8_free_s0_a149.pth,lora,0.57740718126297,0.5698608756065369,0.6835089921951294,0.6604587435722351,0.8091709613800049,1635.731689453125,4.590537071228027,0.4068877696990967,-0.09148208500339677,1.0330316003378657,0.45507001876831055,0.3696304261684418,0.3923080861568451,0.12233716249465942,0.2912009060382843,3.449834501405105e-06,2,0.9995980711976524,True,,l2,1,8,0,0.01,1,,mnist,,,
exp_b_T1_r8_free_s1_a10000.pth,full,0.562207043170929,0.5975288152694702,0.6726599931716919,0.6786340475082397,0.7600963115692139,1572.014404296875,5.342349529266357,0.3348214328289032,-0.12006909910571131,1.055656475201274,0.3960224688053131,0.3367616832256317,0.578427791595459,0.16618457436561584,0.09423220157623291,8.328132473564813e-07,2,0.9999999999843314,True,,l2,1,8,1,0.01,1,,mnist,,,
exp_b_T1_r8_free_s1_a10000.pth,lora,0.5528445839881897,0.596097469329834,0.6718060970306396,0.6878345012664795,0.7600963115692139,1578.3511962890625,5.364055156707764,0.3392857015132904,-0.08913801639641274,1.0410692684450076,0.3895680904388428,0.34120893478393555,0.5849665403366089,0.16327649354934692,0.08683955669403076,4.176459465547077e-06,2,0.9999999997429376,True,,l2,1,8,1,0.01,1,,mnist,,,
exp_b_T1_r8_free_s1_a149.pth,full,0.562207043170929,0.5975288152694702,0.6726599931716919,0.6786340475082397,0.7600963115692139,1572.014404296875,5.342349529266357,0.3348214328289032,-0.12006909910571131,1.055656475201274,0.3960224688053131,0.3367616832256317,0.578427791595459,0.16618457436561584,0.09423220157623291,8.328132473564813e-07,2,0.9999999999843314,True,,l2,1,8,1,0.01,1,,mnist,,,
exp_b_T1_r8_free_s1_a149.pth,lora,0.5528445839881897,0.596097469329834,0.6718060970306396,0.6878345012664795,0.7600963115692139,1578.3511962890625,5.364055156707764,0.3392857015132904,-0.08913801639641274,1.0410692684450076,0.3895680904388428,0.34120893478393555,0.5849665403366089,0.16327649354934692,0.08683955669403076,4.176459465547077e-06,2,0.9999999997429376,True,,l2,1,8,1,0.01,1,,mnist,,,
exp_b_T1_r8_free_s2_a10000.pth,full,0.5364989042282104,0.5539320707321167,0.6598250865936279,0.6451583504676819,0.7587735652923584,1494.126220703125,5.080739498138428,0.34948980808258057,-0.10552544042359907,1.0540534932729495,0.3534124493598938,0.26084303855895996,0.5517831444740295,0.18308645486831665,0.10804194211959839,1.0895505190142763e-07,2,0.9999999999997398,True,,l2,1,8,2,0.01,1,,mnist,,,
exp_b_T1_r8_free_s2_a10000.pth,lora,0.5724406838417053,0.5844767093658447,0.683815598487854,0.6669818162918091,0.7587735652923584,1473.3775634765625,5.076650142669678,0.3628826439380646,-0.13596180176162312,1.109200071284429,0.38857656717300415,0.28848397731781006,0.5595799684524536,0.18386411666870117,0.12423563003540039,4.1098130895439053e-07,2,0.9999999999976517,True,,l2,1,8,2,0.01,1,,mnist,,,
exp_b_T1_r8_free_s2_a149.pth,full,0.5364989042282104,0.5539320707321167,0.6598250865936279,0.6451583504676819,0.7587735652923584,1494.126220703125,5.080739498138428,0.34948980808258057,-0.10552544042359907,1.0540534932729495,0.3534124493598938,0.26084303855895996,0.5517831444740295,0.18308645486831665,0.10804194211959839,1.0895505190142763e-07,2,0.9999999999997398,True,,l2,1,8,2,0.01,1,,mnist,,,
exp_b_T1_r8_free_s2_a149.pth,lora,0.5724406838417053,0.5844767093658447,0.683815598487854,0.6669818162918091,0.7587735652923584,1473.3775634765625,5.076650142669678,0.3628826439380646,-0.13596180176162312,1.109200071284429,0.38857656717300415,0.28848397731781006,0.5595799684524536,0.18386411666870117,0.12423563003540039,4.1098130895439053e-07,2,0.9999999999976517,True,,l2,1,8,2,0.01,1,,mnist,,,
exp_b_T1_r8_free_s3_a10000.pth,full,0.4860730767250061,0.45155084133148193,0.6418423652648926,0.5690852403640747,0.69260573387146,1563.9998779296875,6.123866081237793,0.3348214328289032,-0.09063481824363631,1.0261530125766833,0.3053625822067261,0.1873282790184021,0.5045727491378784,0.18071049451828003,0.13726961612701416,5.411874409090686e-08,2,0.9999999999999327,True,,l2,1,8,3,0.01,1,,mnist,,,
exp_b_T1_r8_free_s3_a10000.pth,lora,0.5167555212974548,0.46738505363464355,0.62474125623703,0.560325026512146,0.69260573387146,1566.8841552734375,6.132874488830566,0.33801019191741943,-0.09816072351817845,1.037811875217304,0.33488112688064575,0.2018352448940277,0.4955943822860718,0.18187439441680908,0.12914687395095825,1.2045301991317848e-07,2,0.9999999999998164,True,,l2,1,8,3,0.01,1,,mnist,,,
exp_b_T1_r8_free_s3_a149.pth,full,0.4860730767250061,0.45155084133148193,0.6418423652648926,0.5690852403640747,0.69260573387146,1563.9998779296875,6.123866081237793,0.3348214328289032,-0.09063481824363631,1.0261530125766833,0.3053625822067261,0.1873282790184021,0.5045727491378784,0.18071049451828003,0.13726961612701416,5.411874409090686e-08,2,0.9999999999999327,True,,l2,1,8,3,0.01,1,,mnist,,,
exp_b_T1_r8_free_s3_a149.pth,lora,0.5167555212974548,0.46738505363464355,0.62474125623703,0.560325026512146,0.69260573387146,1566.8841552734375,6.132874488830566,0.33801019191741943,-0.09816072351817845,1.037811875217304,0.33488112688064575,0.2018352448940277,0.4955943822860718,0.18187439441680908,0.12914687395095825,1.2045301991317848e-07,2,0.9999999999998164,True,,l2,1,8,3,0.01,1,,mnist,,,
exp_b_T1_r8_free_s42_a10.pth,lora,0.41411739587783813,0.407840758562088,0.6290828585624695,0.5664243102073669,0.7630242109298706,745.7444458007812,7.896916389465332,0.4789540767669678,-1.0000683534075554,1.6633364551184124,0.29393619298934937,0.26880428194999695,0.41045162081718445,0.12018120288848877,0.21863123774528503,0.11288470904747322,2,0.622910163088729,False,,l2,1,8,42,0.01,1,,mnist,,,
exp_b_T1_r8_free_s42_a10000.pth,full,0.9943171143531799,0.9982234239578247,0.9967334270477295,0.9993125200271606,0.7630242109298706,0.02862548828125,0.04900423809885979,0.42091837525367737,-0.0028854011323404165,0.9993552654202122,0.6902018785476685,0.538669228553772,0.17497020959854126,0.3041152358055115,0.8217632174491882,0.02492856502813777,2,0.7518247206960298,False,,l2,1,8,42,0.01,1,,mnist,,,
exp_b_T1_r8_free_s42_a10000.pth,lora,0.5911916494369507,0.6049391031265259,0.8086392283439636,0.7729008197784424,0.7630242109298706,202.8128662109375,3.4269847869873047,0.3890306055545807,-0.06715603360490757,1.0093178211475045,0.4155951142311096,0.3359118103981018,0.3239873945713043,0.17559653520584106,0.4846518337726593,0.08464800671630353,2,0.6927107785547708,False,,l2,1,8,42,0.01,1,,mnist,,,
exp_b_T1_r8_free_s42_a149.pth,full,0.719342052936554,0.6609070301055908,0.749497652053833,0.6745721697807312,0.7630242109298706,1464.0517578125,4.956414699554443,0.5497449040412903,-0.3265017441867267,1.2384713447788456,0.5964958667755127,0.4707906246185303,0.17958024144172668,0.12284618616104126,0.5699174106121063,0.024983868644015726,2,0.7494568388995299,False,,l2,1,8,42,0.01,1,,mnist,,,
exp_b_T1_r8_free_s42_a149.pth,lora,0.06580711901187897,0.05025114864110947,0.2722165584564209,0.14589989185333252,0.7630242109298706,1535.79931640625,13.524065017700195,0.5127550959587097,-1.0001200347660573,1.5983600406164888,0.044383130967617035,0.043781641870737076,0.13049548864364624,0.021423988044261932,0.14172106981277466,0.08483563193721373,2,0.6895806036719787,False,,l2,1,8,42,0.01,1,,mnist,,,
exp_b_T1_r8_free_s4_a149.pth,full,0.9881840944290161,0.9968284368515015,0.9923572540283203,0.9985200762748718,0.7807796597480774,0.03369140625,0.1028125137090683,0.3520408272743225,-0.0037427819811456423,1.0013168659600244,0.5282588601112366,0.29388657212257385,0.27313414216041565,0.45992523431777954,0.7192231118679047,0.014673691623931683,2,0.8724768817606783,False,,l2,1,8,4,0.01,1,,mnist,,,
exp_b_T1_r8_free_s4_a149.pth,lora,0.5216764807701111,0.5817551016807556,0.7162247896194458,0.721422553062439,0.7807796597480774,1106.22802734375,4.949157238006592,0.35522958636283875,-0.08501206836347096,1.0552964017481634,0.2666666805744171,0.17775100469589233,0.27746132016181946,0.25500980019569397,0.43876346945762634,0.0329348359203125,2,0.8709859498944301,False,,l2,1,8,4,0.01,1,,mnist,,,
exp_b_T1_r8_free_s5_a149.pth,full,0.5950276851654053,0.5872905850410461,0.7524519562721252,0.7043071985244751,0.7858287692070007,1546.7486572265625,4.930797576904297,0.38647958636283875,-0.10169818941055972,1.0779467480993523,0.40484675765037537,0.3127437233924866,0.5155631303787231,0.1901809275150299,0.2368888258934021,4.5235370291971227e-11,2,1.0,True,,l2,1,8,5,0.01,1,,mnist,,,
exp_b_T1_r8_free_s5_a149.pth,lora,0.5761830806732178,0.57966548204422,0.7518666982650757,0.7085932493209839,0.7858287692070007,1559.02197265625,4.959432601928711,0.3647959232330322,-0.11362199908891776,1.0886824981039935,0.3890138268470764,0.3091186285018921,0.5109505653381348,0.18716925382614136,0.24091613292694092,1.272117139356356e-10,2,0.9999999999999998,True,,l2,1,8,5,0.01,1,,mnist,,,
exp_b_T1_r8_free_s6_a149.pth,full,0.5508850812911987,0.5443086624145508,0.7017382383346558,0.6627134680747986,0.7806798815727234,1533.9705810546875,4.769383907318115,0.3781887888908386,-0.11110951849386924,1.066248708487759,0.42722320556640625,0.36555051803588867,0.5289002060890198,0.12366187572479248,0.172838032245636,5.286851701574343e-09,2,0.9999999999999993,True,,l2,1,8,6,0.01,1,,mnist,,,
exp_b_T1_r8_free_s6_a149.pth,lora,0.5569672584533691,0.5473395586013794,0.717083752155304,0.6699782609939575,0.7806798815727234,1538.778564453125,4.776328086853027,0.38647958636283875,-0.11755476042582742,1.0268732790108683,0.43324363231658936,0.3698199391365051,0.5478430390357971,0.12372362613677979,0.16924071311950684,1.8145800808599676e-08,2,0.9999999999999953,True,,l2,1,8,6,0.01,1,,mnist,,,
exp_b_T1_r8_free_s7_a149.pth,full,0.523882269859314,0.5226776003837585,0.6390883326530457,0.5885597467422485,0.6904239654541016,1520.760498046875,5.871667385101318,0.3169642984867096,-0.10465333063897612,1.03960865884378,0.3147711455821991,0.1875295788049698,0.4666610360145569,0.20911112427711487,0.17242729663848877,2.30023109469332e-09,2,1.0,True,,l2,1,8,7,0.01,1,,mnist,,,
exp_b_T1_r8_free_s7_a149.pth,lora,0.5240257382392883,0.5285184979438782,0.6446579694747925,0.5981794595718384,0.6904239654541016,1525.390869140625,5.86441707611084,0.3035714328289032,-0.11721676958252361,1.0372255384306321,0.31716135144233704,0.1898757517337799,0.4682549834251404,0.2068643867969513,0.1764029860496521,6.831043954943229e-09,2,0.9999999999999996,True,,l2,1,8,7,0.01,1,,mnist,,,
exp_b_T1_r8_free_s8_a149.pth,full,0.5238901376724243,0.5254144668579102,0.738311231136322,0.6820316314697266,0.7070288062095642,1346.53857421875,5.837518692016602,0.3163265287876129,-0.09246891410762237,1.0720115429784507,0.3714693486690521,0.33160147070884705,0.5620580911636353,0.1524207890033722,0.17625313997268677,0.00016100745497181268,2,0.997924382818227,True,,l2,1,8,8,0.01,1,,mnist,,,
exp_b_T1_r8_free_s8_a149.pth,lora,0.5344228148460388,0.5287395715713501,0.7370218634605408,0.6795965433120728,0.7070288062095642,1458.186279296875,5.87156867980957,0.3214285671710968,-0.09484810938622386,1.0418641408063833,0.38404327630996704,0.3375997543334961,0.5634479522705078,0.15037953853607178,0.17357391119003296,0.0006823780165795751,2,0.9964688450404344,True,,l2,1,8,8,0.01,1,,mnist,,,
exp_b_T1_r8_free_s9_a149.pth,full,0.5263022780418396,0.49225306510925293,0.6508260369300842,0.5913822650909424,0.7429673671722412,1482.5028076171875,5.161774635314941,0.34247449040412903,-0.09256078900330544,1.0130736919843133,0.3550449013710022,0.2212994396686554,0.4865662157535553,0.1712573766708374,0.16425982117652893,1.4306287871161975e-06,2,0.9999999999521809,True,,l2,1,8,9,0.01,1,,mnist,,,
exp_b_T1_r8_free_s9_a149.pth,lora,0.5296931266784668,0.4945061504840851,0.6521929502487183,0.5935173034667969,0.7429673671722412,1517.1046142578125,5.174969673156738,0.38201531767845154,-0.09793161836837024,0.9898534852309471,0.3574155271053314,0.22303630411624908,0.4894871413707733,0.17227759957313538,0.16270580887794495,5.807637360626539e-06,2,0.999962696807772,True,,l2,1,8,9,0.01,1,,mnist,,,
exp_b_T1_r8_s42_a10.pth,lora,0.1768774688243866,0.16576963663101196,0.479164719581604,0.3396906852722168,0.7630242109298706,1091.80517578125,12.229860305786133,0.4955357015132904,-1.000239042622169,1.5686744202225311,0.12281949818134308,0.11172929406166077,0.32372045516967773,0.05405797064304352,0.15544426441192627,0.11288470904747322,2,0.622910163088729,False,,l2,1,8,42,0.01,1,,mnist,,,
exp_b_T1_r8_s42_a10000.pth,lora,0.6916433572769165,0.7504938840866089,0.8118456602096558,0.8507919311523438,0.7630242109298706,77.350830078125,1.8027591705322266,0.37372449040412903,-0.13222746634663568,1.0609804171635426,0.5065796375274658,0.4552542269229889,0.29923856258392334,0.18506371974945068,0.5126070976257324,0.11288470904747322,2,0.6229101630887289,False,,l2,1,8,42,0.01,1,,mnist,,,
exp_b_T1_r8_s42_a149.pth,lora,0.18358661234378815,0.1703844964504242,0.3312144875526428,0.2821783125400543,0.7630242109298706,1441.02587890625,11.019336700439453,0.5803571343421936,-1.0002551577264032,1.588341992258373,0.129828080534935,0.12640464305877686,0.1291929930448532,0.05375853180885315,0.2020214945077896,0.11288470904747322,2,0.622910163088729,False,,l2,1,8,42,0.01,1,0.0,mnist,,,
exp_b_T1_r8_s42_a149_celu.pth,lora,0.023174501955509186,0.004579000174999237,0.150098979473114,0.056961141526699066,0.7630242109298706,1423.31103515625,19.672475814819336,0.5784438848495483,-1.0000134586299718,1.9980478344639747,0.03644958883523941,0.037701260298490524,0.10676190257072449,-0.013275086879730225,0.043337076902389526,0.12513425357299604,2,0.8081314248480684,False,celu,l2,1,8,42,0.01,1,0.0,mnist,all,sgd,1.0
exp_b_T1_r8_s42_a149_celu_lr0.005.pth,lora,0.019875705242156982,0.00690087303519249,0.11212680488824844,0.04171086475253105,0.7630242109298706,1423.4508056640625,19.385868072509766,0.5809949040412903,-1.0000147990231145,1.9980442324289727,0.03974055126309395,0.04934152215719223,0.09325963258743286,-0.019864846020936966,0.018867172300815582,0.06256712678649802,2,0.9403404246134223,False,celu,l2,1,8,42,0.005,1,0.0,mnist,all,sgd,1.0
exp_b_T1_r8_s42_a149_celu_lr0.02.pth,lora,0.020173024386167526,0.0001418665051460266,0.15171854197978973,0.048926256597042084,0.7630242109298706,1425.838623046875,19.474449157714844,0.6039540767669678,-1.0000677416663621,1.9980736878667735,0.03198925405740738,0.030209925025701523,0.10925402492284775,-0.011816229671239853,0.042464517056941986,0.2502685071459921,2,0.5567650171326558,False,celu,l2,1,8,42,0.02,1,0.0,mnist,all,sgd,1.0
exp_b_T1_r8_s42_a149_celu_npc5_lr0.02_vw5.pth,lora,0.1877920925617218,0.1853085160255432,0.4411369264125824,0.35466790199279785,0.563728928565979,1510.357666015625,10.147970199584961,0.40089285373687744,-1.000001339586846,1.7678450360812863,0.16125454008579254,0.15491323173046112,0.34740668535232544,0.02653755247592926,0.09373024106025696,0.04910487753620925,4,0.9935898000708502,False,celu,l2,1,8,42,0.02,5,0.0,mnist,all,sgd,5.0
exp_b_T1_r8_s42_a149_celu_npc5_vw5.pth,lora,0.21565409004688263,0.21218125522136688,0.4903833270072937,0.40582650899887085,0.563728928565979,1522.795166015625,8.498144149780273,0.36454081535339355,-0.9859529600778036,1.7672027393384058,0.18605387210845947,0.16948652267456055,0.3854144215583801,0.029600217938423157,0.10496890544891357,0.024552438768104624,4,0.9983740390935328,False,celu,l2,1,8,42,0.01,5,0.0,mnist,all,sgd,5.0
exp_b_T1_r8_s42_a149_elu.pth,lora,0.023174501955509186,0.004579000174999237,0.150098979473114,0.056961141526699066,0.7630242109298706,1423.31103515625,19.672475814819336,0.5784438848495483,-1.0000134586299718,1.9980478344639747,0.03644958883523941,0.037701260298490524,0.10676190257072449,-0.013275086879730225,0.043337076902389526,0.12513425357299604,2,0.8081314248480684,False,elu,l2,1,8,42,0.01,1,0.0,mnist,,,
exp_b_T1_r8_s42_a149_elu_lr0.005.pth,lora,0.019875705242156982,0.00690087303519249,0.11212680488824844,0.04171086475253105,0.7630242109298706,1423.4508056640625,19.385868072509766,0.5809949040412903,-1.0000147990231145,1.9980442324289727,0.03974055126309395,0.04934152215719223,0.09325963258743286,-0.019864846020936966,0.018867172300815582,0.06256712678649802,2,0.9403404246134223,False,elu,l2,1,8,42,0.005,1,0.0,mnist,all,sgd,1.0
exp_b_T1_r8_s42_a149_elu_lr0.02.pth,lora,0.020173024386167526,0.0001418665051460266,0.15171854197978973,0.048926256597042084,0.7630242109298706,1425.838623046875,19.474449157714844,0.6039540767669678,-1.0000677416663621,1.9980736878667735,0.03198925405740738,0.030209925025701523,0.10925402492284775,-0.011816229671239853,0.042464517056941986,0.2502685071459921,2,0.5567650171326558,False,elu,l2,1,8,42,0.02,1,0.0,mnist,all,sgd,1.0
exp_b_T1_r8_s42_a149_elu_lr0.03.pth,lora,0.01387060433626175,-0.0014020875096321106,0.12191387265920639,0.03855917602777481,0.7630242109298706,1428.0810546875,19.999923706054688,0.6211734414100647,-1.0001568997107915,1.9980942893323757,0.024570129811763763,0.026249133050441742,0.09046666324138641,-0.010699525475502014,0.03144720941781998,0.37540276071898815,2,0.4013043401978551,False,elu,l2,1,8,42,0.03,1,0.0,mnist,,,
exp_b_T1_r8_s42_a149_elu_lr0.1.pth,lora,0.023051634430885315,0.002417962998151779,0.10388906300067902,0.03052622079849243,0.7630242109298706,1424.6263427734375,20.439212799072266,0.6294642686843872,-1.0016247115069616,1.9986321943178686,0.03210088983178139,0.024571627378463745,0.07579606771469116,-0.009049255400896072,0.028092995285987854,1.2513425357299603,2,0.13096943409051853,False,elu,l2,1,8,42,0.1,1,0.0,mnist,,,
exp_b_T1_r8_s42_a149_elu_npc5_lr0.02_vw5.pth,lora,0.1877920925617218,0.1853085160255432,0.4411369264125824,0.35466790199279785,0.563728928565979,1510.357666015625,10.147970199584961,0.40089285373687744,-1.000001339586846,1.7678450360812863,0.16125454008579254,0.15491323173046112,0.34740668535232544,0.02653755247592926,0.09373024106025696,0.04910487753620925,4,0.9935898000708502,False,elu,l2,1,8,42,0.02,5,0.0,mnist,all,sgd,5.0
exp_b_T1_r8_s42_a149_elu_npc5_vw5.pth,lora,0.21565409004688263,0.21218125522136688,0.4903833270072937,0.40582650899887085,0.563728928565979,1522.795166015625,8.498144149780273,0.36454081535339355,-0.9859529600778036,1.7672027393384058,0.18605387210845947,0.16948652267456055,0.3854144215583801,0.029600217938423157,0.10496890544891357,0.024552438768104624,4,0.9983740390935328,False,elu,l2,1,8,42,0.01,5,0.0,mnist,all,sgd,5.0
exp_b_T1_r8_s42_a149_gelu.pth,lora,0.04127294570207596,0.02985425293445587,0.19819709658622742,0.08435560762882233,0.7630242109298706,1329.0765380859375,17.97730255126953,0.5625,-1.000012282920453,1.998044099624291,0.020253609865903854,0.017619838938117027,0.10256896913051605,0.021019335836172104,0.09562812745571136,0.03911104013818542,2,0.9647047550397643,False,gelu,l2,1,8,42,0.01,1,,mnist,,,
exp_b_T1_r8_s42_a149_gelu_lr0.005.pth,lora,0.05081299692392349,0.036881085485219955,0.27841365337371826,0.1299762725830078,0.7630242109298706,1319.994140625,17.182464599609375,0.5325255393981934,-1.0000039469559125,1.9980405839608257,0.027535531669855118,0.02284839190542698,0.15554143488407135,0.023277465254068375,0.12287221848964691,0.01955552006909271,2,0.990901768002272,False,gelu,l2,1,8,42,0.005,1,0.0,mnist,,,
exp_b_T1_r8_s42_a149_gelu_lr0.02.pth,lora,0.038474518805742264,0.027523422613739967,0.1663556545972824,0.06912169605493546,0.7630242109298706,1334.51318359375,18.33829116821289,0.574617326259613,-1.0000506966081864,1.9980599668370151,0.018289078027009964,0.015854258090257645,0.08561184257268906,0.0201854407787323,0.08074381202459335,0.07822208027637084,2,0.8753029384218315,False,gelu,l2,1,8,42,0.02,1,0.0,mnist,,,
exp_b_T1_r8_s42_a149_gelu_lr0.03.pth,lora,0.038059961050748825,0.02715863101184368,0.1601969599723816,0.06636855006217957,0.7630242109298706,1335.3021240234375,18.412052154541016,0.5835459232330322,-1.0001140022008423,1.9980858622532292,0.01798037812113762,0.015575219877064228,0.08231794834136963,0.020079582929611206,0.07787901163101196,0.11733312041455628,2,0.7656592601386689,False,gelu,l2,1,8,42,0.03,1,0.0,mnist,,,
exp_b_T1_r8_s42_a149_gelu_lr0.05.pth,lora,0.03838922828435898,0.027476705610752106,0.1642562448978424,0.06817268580198288,0.7630242109298706,1334.201171875,18.351049423217773,0.5860969424247742,-1.0003155976472253,1.9981671079855294,0.018110154196619987,0.01574135012924671,0.08438430726528168,0.02027907408773899,0.07987193763256073,0.19555520069092713,2,0.5715605038822553,False,gelu,l2,1,8,42,0.05,1,0.0,mnist,all,sgd,1.0
exp_b_T1_r8_s42_a149_gelu_lr0.1.pth,lora,0.03837776184082031,0.02748957648873329,0.1649685949087143,0.06846609711647034,0.7630242109298706,1334.129150390625,18.346220016479492,0.5880101919174194,-1.0012634931802094,1.998548237380623,0.018196072429418564,0.015852315351366997,0.08478815853595734,0.02018168941140175,0.08018043637275696,0.39111040138185427,2,0.3267390080655188,False,gelu,l2,1,8,42,0.1,1,0.0,mnist,,,
exp_b_T1_r8_s42_a149_gelu_lr0.3.pth,lora,0.03806540369987488,0.027095139026641846,0.16383787989616394,0.06772232055664062,0.7630242109298706,1334.414306640625,18.407310485839844,0.5918367505073547,-1.0113469917598794,2.002617626353948,0.018209073692560196,0.015673276036977768,0.08427731692790985,0.019856330007314682,0.07956056296825409,1.1733312041455626,2,0.1329017777160192,False,gelu,l2,1,8,42,0.3,1,0.0,mnist,,,
exp_b_T1_r8_s42_a149_gelu_npc2.pth,lora,0.05537942796945572,0.03506295010447502,0.15603497624397278,0.06693530082702637,0.6738914847373962,1485.1539306640625,18.657245635986328,0.6144770383834839,-1.000005590926095,1.7460793816392033,0.03787289932370186,0.019948402419686317,0.07252887636423111,0.01750652864575386,0.08350609987974167,0.018706256020228247,4,0.9966488013742935,False,gelu,l2,1,8,42,0.01,2,0.0,mnist,all,sgd,1.0
exp_b_T1_r8_s42_a149_gelu_npc2_lr0.005.pth,lora,0.16326431930065155,0.1363675892353058,0.3831380605697632,0.24674153327941895,0.6738914847373962,1469.856201171875,12.852279663085938,0.4888392984867096,-0.9999991805882211,1.7459677716209137,0.12249477207660675,0.08618329465389252,0.20190787315368652,0.0407695472240448,0.18123018741607666,0.009353128010114124,4,0.9991590374954387,True,gelu,l2,1,8,42,0.005,2,0.0,mnist,all,sgd,1.0
exp_b_T1_r8_s42_a149_gelu_npc2_lr0.02.pth,lora,0.03845617547631264,0.026038752868771553,0.07560071349143982,0.03206261247396469,0.6738914847373962,1471.02197265625,20.71326446533203,0.641581654548645,-1.0000099911446103,1.7460824541526894,0.0188868660479784,0.009003764018416405,0.036611445248126984,0.019569309428334236,0.038989268243312836,0.037412512040456494,4,0.986878895442493,False,gelu,l2,1,8,42,0.02,2,0.0,mnist,all,sgd,1.0
exp_b_T1_r8_s42_a149_gelu_npc2_lr0.05.pth,lora,0.03552819788455963,0.024520691484212875,0.050154514610767365,0.026793407276272774,0.6738914847373962,1466.935546875,21.704906463623047,0.6715561151504517,-1.0000624963459928,1.746101673236105,0.015903472900390625,0.006864605471491814,0.026206383481621742,0.019624724984169006,0.023948131129145622,0.09353128010114123,4,0.9298856488355085,False,gelu,l2,1,8,42,0.05,2,0.0,mnist,all,sgd,1.0
exp_b_T1_r8_s42_a149_gelu_npc2_lr0.1.pth,lora,0.035423651337623596,0.02438787743449211,0.04905916750431061,0.026585586369037628,0.6738914847373962,1467.90625,21.74785041809082,0.6808035969734192,-1.0002505607475665,1.7461706844062586,0.015618563629686832,0.0063521782867610455,0.02542850561439991,0.019805087707936764,0.023630661889910698,0.18706256020228246,4,0.8138347043185715,False,gelu,l2,1,8,42,0.1,2,0.0,mnist,all,sgd,1.0
exp_b_T1_r8_s42_a149_gelu_npc4.pth,lora,0.18157076835632324,0.15413831174373627,0.3844303488731384,0.2743212878704071,0.566837728023529,1553.3336181640625,11.64119815826416,0.4638074040412903,-1.0000020132876137,1.7112133736626205,0.16509422659873962,0.13298511505126953,0.31375861167907715,0.016476541757583618,0.07067173719406128,0.0092875687267097,7,0.9994975873331281,True,gelu,l2,1,8,42,0.01,4,0.0,mnist,all,sgd,1.0
exp_b_T1_r8_s42_a149_gelu_npc4_lr0.005.pth,lora,0.26532673835754395,0.25365912914276123,0.5369907021522522,0.4502674639225006,0.566837728023529,1473.5328369140625,7.360930442810059,0.33338648080825806,-0.7971405629755196,1.604980102685507,0.22147707641124725,0.19351103901863098,0.4363136291503906,0.04384966194629669,0.10067707300186157,0.00464378436335485,7,0.9998743631207885,True,gelu,l2,1,8,42,0.005,4,0.0,mnist,all,sgd,1.0
exp_b_T1_r8_s42_a149_gelu_npc4_lr0.02.pth,lora,0.11880763620138168,0.11228251457214355,0.25527894496917725,0.18908776342868805,0.566837728023529,1552.8310546875,14.828152656555176,0.5204081535339355,-1.0000121531569668,1.7139969681010858,0.10166984051465988,0.08925072103738785,0.23771171271800995,0.017137795686721802,0.017567232251167297,0.0185751374534194,7,0.9979975818685356,False,gelu,l2,1,8,42,0.02,4,0.0,mnist,all,sgd,1.0
exp_b_T1_r8_s42_a149_gelu_npc4_lr0.05.pth,lora,0.07952655851840973,0.061953045427799225,0.16125217080116272,0.10310430824756622,0.566837728023529,1564.4759521484375,19.499666213989258,0.6020408272743225,-1.0000163101013422,1.7196084528752156,0.07238640636205673,0.05242504924535751,0.16728851199150085,0.007140152156352997,-0.006036341190338135,0.04643784363354851,7,0.9879090150597605,False,gelu,l2,1,8,42,0.05,4,0.0,mnist,all,sgd,1.0
exp_b_T1_r8_s42_a149_gelu_npc4_lr0.1.pth,lora,0.05685057491064072,0.041717372834682465,0.13001206517219543,0.067357137799263,0.566837728023529,1557.3021240234375,21.224790573120117,0.6565688848495483,-1.0000647336827724,1.7196102861463163,0.04999697208404541,0.033261287957429886,0.13831867277622223,0.006853602826595306,-0.008306607604026794,0.09287568726709702,7,0.9571753386177028,False,gelu,l2,1,8,42,0.1,4,0.0,mnist,all,sgd,1.0
exp_b_T1_r8_s42_a149_gelu_npc5.pth,lora,0.2360324114561081,0.22137673199176788,0.4940977096557617,0.4001007080078125,0.563728928565979,1535.2747802734375,8.181543350219727,0.36313775181770325,-0.9977563049607648,1.7485328686533395,0.2035016566514969,0.18002572655677795,0.38270530104637146,0.032530754804611206,0.11139240860939026,0.00772391296120951,8,0.9997370352169771,True,gelu,l2,1,8,42,0.01,5,0.0,mnist,,,
exp_b_T1_r8_s42_a149_gelu_npc5_lr0.02.pth,lora,0.17729933559894562,0.17190133035182953,0.3962000906467438,0.31022992730140686,0.563728928565979,1531.208251953125,10.72052001953125,0.4168367385864258,-1.0000002475332013,1.7678429717881992,0.1535162776708603,0.14303123950958252,0.3229721486568451,0.023783057928085327,0.07322794198989868,0.01544782592241902,8,0.9989506101426594,False,gelu,l2,1,8,42,0.02,5,0.0,mnist,,,
exp_b_T1_r8_s42_a149_gelu_npc8.pth,lora,0.1954554170370102,0.1922435760498047,0.4784865975379944,0.39237529039382935,0.44787657260894775,1552.10693359375,7.773175239562988,0.28427934646606445,-0.9517049150415726,1.645287248510622,0.173604354262352,0.16638857126235962,0.4285898506641388,0.021851062774658203,0.04989674687385559,0.004759037182218212,8,0.9999348836032962,True,gelu,l2,1,8,42,0.01,8,0.0,mnist,all,sgd,1.0
exp_b_T1_r8_s42_a149_gelu_npc8_lr0.005.pth,lora,0.18757197260856628,0.19748513400554657,0.4903686046600342,0.42017096281051636,0.44787657260894775,1573.38232421875,6.9467949867248535,0.2516741156578064,-0.122286800518616,0.7723811009251355,0.17121465504169464,0.17502616345882416,0.44061949849128723,0.016357317566871643,0.04974910616874695,0.002379518591109106,8,0.9999837238817829,True,gelu,l2,1,8,42,0.005,8,0.0,mnist,all,sgd,1.0
exp_b_T1_r8_s42_a149_gelu_npc8_lr0.02.pth,lora,0.1617608219385147,0.15956971049308777,0.40838927030563354,0.32066142559051514,0.44787657260894775,1556.9674072265625,9.673962593078613,0.33968430757522583,-0.9999986093415043,1.7263987235410818,0.14390157163143158,0.14102068543434143,0.3689337968826294,0.01785925030708313,0.03945547342300415,0.009518074364436423,8,0.9997396211428975,True,gelu,l2,1,8,42,0.02,8,0.0,mnist,all,sgd,1.0
exp_b_T1_r8_s42_a149_gelu_npc8_lr0.05.pth,lora,0.14209283888339996,0.1243172436952591,0.29670870304107666,0.23320819437503815,0.44787657260894775,1597.4075927734375,12.417450904846191,0.4229910671710968,-1.0000019037567829,1.726473491155938,0.13425453007221222,0.11630426347255707,0.29359787702560425,0.007838308811187744,0.003110826015472412,0.02379518591109106,8,0.9983832765588703,False,gelu,l2,1,8,42,0.05,8,0.0,mnist,all,sgd,1.0
exp_b_T1_r8_s42_a149_gelu_npc8_lr0.1.pth,lora,0.11685721576213837,0.0975373163819313,0.2696147859096527,0.19181670248508453,0.44787657260894775,1584.1402587890625,14.980453491210938,0.49075254797935486,-1.0000099034979695,1.7264818667831598,0.10550517588853836,0.08535272628068924,0.2624707818031311,0.011352039873600006,0.0071440041065216064,0.04759037182218212,8,0.9937157313713969,False,gelu,l2,1,8,42,0.1,8,0.0,mnist,all,sgd,1.0
exp_b_T1_r8_s42_a149_gelu_tanh.pth,lora,0.04114736616611481,0.029709290713071823,0.19802460074424744,0.08420322835445404,0.7630242109298706,1329.158447265625,17.979339599609375,0.5631377696990967,-1.000012690935856,1.998044430853172,0.020260769873857498,0.01766112446784973,0.1026427149772644,0.02088659629225731,0.09538188576698303,0.03911033532800646,2,0.9647087267811858,False,gelu_tanh,l2,1,8,42,0.01,1,0.0,mnist,,,
exp_b_T1_r8_s42_a149_gelu_tanh_lr0.005.pth,lora,0.057817548513412476,0.04289852827787399,0.31214484572410583,0.15172511339187622,0.7630242109298706,1313.22802734375,16.806833267211914,0.5331632494926453,-1.0000029368220906,1.998041516021636,0.032432377338409424,0.026942454278469086,0.1830468475818634,0.025385171175003052,0.12909799814224243,0.01955516766400323,2,0.9909026455518636,False,gelu_tanh,l2,1,8,42,0.005,1,0.0,mnist,,,
exp_b_T1_r8_s42_a149_gelu_tanh_lr0.02.pth,lora,0.03847363218665123,0.027514155954122543,0.1664147824048996,0.06915638595819473,0.7630242109298706,1334.6058349609375,18.33899688720703,0.5752550959587097,-1.0000508459610513,1.998059221821844,0.018294040113687515,0.015856053680181503,0.08566979318857193,0.020179592072963715,0.08074498921632767,0.07822067065601292,2,0.8753225407073237,False,gelu_tanh,l2,1,8,42,0.02,1,0.0,mnist,all,sgd,1.0
exp_b_T1_r8_s42_a149_gelu_tanh_lr0.03.pth,lora,0.03808390721678734,0.027187064290046692,0.16065335273742676,0.06659774482250214,0.7630242109298706,1335.28564453125,18.40560531616211,0.5797193646430969,-1.0001135107166141,1.9980856644340865,0.01800452545285225,0.015616649761795998,0.08255878835916519,0.02007938176393509,0.07809456437826157,0.11733100598401935,2,0.7657028004643688,False,gelu_tanh,l2,1,8,42,0.03,1,0.0,mnist,,,
exp_b_T1_r8_s42_a149_gelu_tanh_lr0.1.pth,lora,0.03838121145963669,0.02749495394527912,0.16500267386436462,0.06849899888038635,0.7630242109298706,1334.18798828125,18.346294403076172,0.5867347121238708,-1.0012622813269823,1.9985485760581954,0.01819790154695511,0.01585789956152439,0.08481395244598389,0.02018330991268158,0.08018872141838074,0.39110335328006457,2,0.32674325964868717,False,gelu_tanh,l2,1,8,42,0.1,1,0.0,mnist,,,
exp_b_T1_r8_s42_a149_gelu_tanh_lr0.3.pth,lora,0.038071658462285995,0.027103988453745842,0.163929283618927,0.06778068095445633,0.7630242109298706,1334.4583740234375,18.406505584716797,0.5918367505073547,-1.0113421980275763,2.00261049658505,0.018213219940662384,0.015683945268392563,0.08433511853218079,0.01985843852162361,0.07959416508674622,1.1733100598401935,2,0.13290197458559655,False,gelu_tanh,l2,1,8,42,0.3,1,0.0,mnist,,,
exp_b_T1_r8_s42_a149_gelu_tanh_npc5_lr0.02_vw5.pth,lora,0.17594143748283386,0.1709623783826828,0.39209556579589844,0.30784377455711365,0.563728928565979,1532.536376953125,10.779212951660156,0.4161989688873291,-1.0000006352590376,1.7678440128709956,0.15257495641708374,0.14241161942481995,0.32134413719177246,0.023366481065750122,0.07075142860412598,0.015447868953189642,8,0.9989507150075488,False,gelu_tanh,l2,1,8,42,0.02,5,0.0,mnist,all,sgd,5.0
exp_b_T1_r8_s42_a149_gelu_tanh_npc5_vw5.pth,lora,0.23960356414318085,0.22863808274269104,0.5106524229049683,0.4223178029060364,0.563728928565979,1529.12841796875,7.7621283531188965,0.34489795565605164,-0.9994790337431337,1.7667243251061,0.20649556815624237,0.18455901741981506,0.40554529428482056,0.03310799598693848,0.1051071286201477,0.007723934476594821,8,0.9997370608032216,True,gelu_tanh,l2,1,8,42,0.01,5,0.0,mnist,all,sgd,5.0
exp_b_T1_r8_s42_a149_hardswish.pth,lora,0.0557873472571373,0.03271608054637909,0.3618572950363159,0.1714918315410614,0.7630242109298706,1380.132080078125,17.483123779296875,0.5644132494926453,-1.000005914587043,1.9980414511298663,0.04651465639472008,0.037577081471681595,0.2504521608352661,0.009272690862417221,0.1114051342010498,0.03480738839821102,2,0.9802242731855189,False,hardswish,l2,1,8,42,0.01,1,0.0,mnist,all,sgd,1.0
exp_b_T1_r8_s42_a149_hardswish_lr0.005.pth,lora,0.10731073468923569,0.062353141605854034,0.4212600588798523,0.23258379101753235,0.7630242109298706,1370.11474609375,15.640588760375977,0.5070152878761292,-1.0000024712091573,1.9980301997647407,0.08829928934574127,0.06191476806998253,0.3453063368797302,0.019011445343494415,0.07595372200012207,0.01740369419910551,2,0.9949664312441191,False,hardswish,l2,1,8,42,0.005,1,0.0,mnist,all,sgd,1.0
exp_b_T1_r8_s42_a149_hardswish_lr0.02.pth,lora,0.04497405141592026,0.025061309337615967,0.30271828174591064,0.1352713257074356,0.7630242109298706,1384.49951171875,18.156021118164062,0.5860969424247742,-1.000022579509876,1.9980486346214927,0.0386984646320343,0.03054848499596119,0.1959129422903061,0.006275586783885956,0.10680533945560455,0.06961477679642204,2,0.926468343828613,False,hardswish,l2,1,8,42,0.02,1,0.0,mnist,all,sgd,1.0
exp_b_T1_r8_s42_a149_hardswish_npc5_lr0.02_vw5.pth,lora,0.20535917580127716,0.18661481142044067,0.4671512544155121,0.3539888262748718,0.563728928565979,1538.14990234375,9.992274284362793,0.40854591131210327,-0.9999826085920944,1.7645243657823166,0.176508828997612,0.1545010507106781,0.3497675657272339,0.02885034680366516,0.1173836886882782,0.013700660496125498,8,0.999479037829561,False,hardswish,l2,1,8,42,0.02,5,0.0,mnist,all,sgd,5.0
exp_b_T1_r8_s42_a149_hardswish_npc5_vw5.pth,lora,0.24261407554149628,0.23813486099243164,0.5246578454971313,0.45028916001319885,0.563728928565979,1549.3309326171875,7.220957279205322,0.3186224400997162,-0.7841176857828238,1.6876888912992842,0.20879480242729187,0.19078436493873596,0.4245152473449707,0.03381927311420441,0.10014259815216064,0.006850330248062749,8,0.9998695960830027,True,hardswish,l2,1,8,42,0.01,5,0.0,mnist,all,sgd,5.0
exp_b_T1_r8_s42_a149_leaky_relu_lr0.005.pth,lora,0.5787408351898193,0.609943151473999,0.8088128566741943,0.7906957864761353,0.7630242109298706,83.04486083984375,2.8176941871643066,0.39923468232154846,-0.06190588772290474,1.0269715183916202,0.4007694721221924,0.3462481200695038,0.3253588080406189,0.17797136306762695,0.48345404863357544,0.05611492645664852,2,0.7447755238341094,False,leaky_relu,l2,1,8,42,0.005,1,0.0,mnist,all,sgd,1.0
exp_b_T1_r8_s42_a149_leaky_relu_npc5_lr0.02_vw5.pth,lora,0.2751874625682831,0.2929183542728424,0.5640377402305603,0.5108414888381958,0.563728928565979,1331.4735107421875,5.992482662200928,0.30204081535339355,-0.12228759548189122,0.9590798870958922,0.23298700153827667,0.22457745671272278,0.44226422905921936,0.04220046103000641,0.12177351117134094,0.04102974093952426,7,0.9338390777284382,False,leaky_relu,l2,1,8,42,0.02,5,0.0,mnist,all,sgd,5.0
exp_b_T1_r8_s42_a149_leaky_relu_npc5_vw5.pth,lora,0.318752259016037,0.32554715871810913,0.5758273601531982,0.5113717317581177,0.563728928565979,1453.49853515625,5.9842095375061035,0.31403061747550964,-0.1410321599333352,1.117277394754519,0.270394891500473,0.24683168530464172,0.4142809808254242,0.048357367515563965,0.16154637932777405,0.02051487046976213,7,0.9654293080722609,False,leaky_relu,l2,1,8,42,0.01,5,0.0,mnist,all,sgd,5.0
exp_b_T1_r8_s42_a149_mish.pth,lora,0.036997780203819275,0.025154415518045425,0.19625341892242432,0.07984684407711029,0.7630242109298706,1359.040283203125,18.611621856689453,0.5841836929321289,-1.0000187658427766,1.9980454081901173,0.026036206632852554,0.024584949016571045,0.11059263348579407,0.01096157357096672,0.08566078543663025,0.05406422529475677,2,0.9472199777456629,False,mish,l2,1,8,42,0.01,1,0.0,mnist,,,
exp_b_T1_r8_s42_a149_mish_lr0.005.pth,lora,0.04398045688867569,0.03178669884800911,0.2814042568206787,0.12820419669151306,0.7630242109298706,1352.40087890625,17.740489959716797,0.5612244606018066,-1.0000117080846398,1.998041344611905,0.03243222087621689,0.03120104968547821,0.17435073852539062,0.011548236012458801,0.10705351829528809,0.027032112647378384,2,0.9861370715801123,False,mish,l2,1,8,42,0.005,1,0.0,mnist,,,
exp_b_T1_r8_s42_a149_mish_lr0.02.pth,lora,0.03669881448149681,0.024640286341309547,0.17438459396362305,0.07058833539485931,0.7630242109298706,1359.909423828125,18.834165573120117,0.5969387888908386,-1.0000754673059267,1.9980642247136864,0.02546745166182518,0.02361021749675274,0.0968049094080925,0.01123136281967163,0.07757968455553055,0.10812845058951354,2,0.8239556284920472,False,mish,l2,1,8,42,0.02,1,0.0,mnist,,,
exp_b_T1_r8_s42_a149_mish_lr0.03.pth,lora,0.03724999725818634,0.025218181312084198,0.1808483898639679,0.07401078194379807,0.7630242109298706,1358.77294921875,18.78196144104004,0.6020408272743225,-1.000170311468569,1.9980946805439486,0.025723030790686607,0.02401951514184475,0.10028666257858276,0.011526966467499733,0.08056172728538513,0.16219267588427033,2,0.6890488843604081,False,mish,l2,1,8,42,0.03,1,0.0,mnist,,,
exp_b_T1_r8_s42_a149_mish_lr0.1.pth,lora,0.03720115125179291,0.025252554565668106,0.18159320950508118,0.07440327107906342,0.7630242109298706,1358.676025390625,18.782608032226562,0.6096938848495483,-1.0018889660488415,1.9986525281969052,0.025784943252801895,0.024126023054122925,0.10076754540205002,0.011416207998991013,0.08082566410303116,0.5406422529475677,2,0.25890518049315026,False,mish,l2,1,8,42,0.1,1,0.0,mnist,,,
exp_b_T1_r8_s42_a149_mish_lr0.3.pth,lora,0.03668530285358429,0.02488415129482746,0.18040671944618225,0.07383224368095398,0.7630242109298706,1359.109130859375,18.865877151489258,0.610331654548645,-1.0169207889967964,2.0035512350804017,0.025637522339820862,0.0239262618124485,0.10014407336711884,0.011047780513763428,0.08026264607906342,1.621926758842703,2,0.10429042639732644,False,mish,l2,1,8,42,0.3,1,0.0,mnist,,,
exp_b_T1_r8_s42_a149_mish_npc5_lr0.02_vw5.pth,lora,0.1743771731853485,0.17093688249588013,0.3989168405532837,0.31484636664390564,0.563728928565979,1514.639404296875,10.883387565612793,0.4214285612106323,-1.0000030776180364,1.767843353810425,0.14826451241970062,0.13981226086616516,0.3247937262058258,0.026112660765647888,0.07412311434745789,0.021440311058282722,8,0.9984564536877862,False,mish,l2,1,8,42,0.02,5,0.0,mnist,all,sgd,5.0
exp_b_T1_r8_s42_a149_mish_npc5_vw5.pth,lora,0.2333148717880249,0.22175201773643494,0.5017073154449463,0.41213250160217285,0.563728928565979,1528.9307861328125,8.058198928833008,0.35012754797935486,-0.9998219410092634,1.7400113011506713,0.20029640197753906,0.17867298424243927,0.39208850264549255,0.03301846981048584,0.10961881279945374,0.010720155529141361,8,0.999612571499302,False,mish,l2,1,8,42,0.01,5,0.0,mnist,all,sgd,5.0
exp_b_T1_r8_s42_a149_npc16.pth,lora,0.15025770664215088,0.1518915295600891,0.40676018595695496,0.3337794542312622,0.40075942873954773,1529.025390625,9.31898307800293,0.3191964328289032,-1.0000001354962516,1.732966317086301,0.13932007551193237,0.14371249079704285,0.40418288111686707,0.010937631130218506,0.0025773048400878906,0.008337157467079609,8,0.9926872258268085,True,,l2,1,8,42,0.01,16,0.0,mnist,,,
exp_b_T1_r8_s42_a149_npc2.pth,lora,0.18626642227172852,0.19129213690757751,0.37256669998168945,0.30407649278640747,0.6738914847373962,1476.5,10.640509605407715,0.44834184646606445,-1.0000366683976551,1.7461070754111299,0.12236364185810089,0.10248170047998428,0.1497834473848343,0.06390278041362762,0.22278325259685516,0.056523861052380116,4,0.8457788210766674,False,,l2,1,8,42,0.01,2,0.0,mnist,,,
exp_b_T1_r8_s42_a149_npc4.pth,lora,0.22729361057281494,0.22201991081237793,0.47600215673446655,0.3997359871864319,0.566837728023529,1496.078857421875,8.075508117675781,0.3789859712123871,-0.9416759280468305,1.7141048218515622,0.18663319945335388,0.16789793968200684,0.3642406463623047,0.04066041111946106,0.11176151037216187,0.02584107476850535,6,0.9413584446834563,False,,l2,1,8,42,0.01,4,0.0,mnist,,,
exp_b_T1_r8_s42_a149_npc8.pth,lora,0.1894940286874771,0.19108127057552338,0.4519788324832916,0.3777148723602295,0.44787657260894775,1517.08544921875,8.0464506149292,0.3120216727256775,-0.9999997611824623,1.6906826128465577,0.16180534660816193,0.15828168392181396,0.39014241099357605,0.027688682079315186,0.061836421489715576,0.013157395925878642,7,0.9817528634159103,False,,l2,1,8,42,0.01,8,0.0,mnist,,,
exp_b_T1_r8_s42_a149_selu.pth,lora,0.5461466312408447,0.5879369974136353,0.7954241037368774,0.7908864617347717,0.7630242109298706,113.86444091796875,2.9232494831085205,0.3934949040412903,-0.07490302446108514,1.0435949415505419,0.37044328451156616,0.3216681480407715,0.30194973945617676,0.17570334672927856,0.4934743642807007,0.18434679609771262,2,0.6469054001433233,False,selu,l2,1,8,42,0.01,1,0.0,mnist,all,sgd,1.0
exp_b_T1_r8_s42_a149_selu_lr0.005.pth,lora,0.547020673751831,0.5892634987831116,0.7969070672988892,0.7944182753562927,0.7630242109298706,89.97406005859375,2.8369357585906982,0.3979591727256775,-0.07370596261418015,1.0240460593501248,0.36837196350097656,0.32055315375328064,0.3099851906299591,0.1786487102508545,0.48692187666893005,0.09217339804885631,2,0.8447675239998362,False,selu,l2,1,8,42,0.005,1,0.0,mnist,all,sgd,1.0
exp_b_T1_r8_s42_a149_selu_lr0.02.pth,lora,0.5461466312408447,0.5879369974136353,0.7954241037368774,0.7908864617347717,0.7630242109298706,113.86444091796875,2.9232494831085205,0.3934949040412903,-0.07490302446108509,1.0435949415505419,0.37044328451156616,0.3216681480407715,0.30194973945617676,0.17570334672927856,0.4934743642807007,0.36869359219542525,2,0.3868845246139869,False,selu,l2,1,8,42,0.02,1,0.0,mnist,all,sgd,1.0
exp_b_T1_r8_s42_a149_selu_npc5_lr0.02_vw5.pth,lora,0.27202722430229187,0.2887812554836273,0.5629273653030396,0.5105797648429871,0.563728928565979,1316.074462890625,6.034390926361084,0.3007653057575226,-0.12228680052037814,0.9819856159002072,0.2304246425628662,0.2215345799922943,0.44284191727638245,0.04160258173942566,0.1200854480266571,0.07205084235508703,4,0.9693331723844445,False,selu,l2,1,8,42,0.02,5,0.0,mnist,all,sgd,5.0
exp_b_T1_r8_s42_a149_selu_npc5_vw5.pth,lora,0.2735707759857178,0.28999656438827515,0.5629855990409851,0.5104007720947266,0.563728928565979,1316.2216796875,6.038010597229004,0.3005101978778839,-0.12228680052067367,0.9906049877922027,0.23172640800476074,0.2221698760986328,0.44447845220565796,0.04184436798095703,0.11850714683532715,0.036025421177543517,4,0.983956811664302,False,selu,l2,1,8,42,0.01,5,0.0,mnist,all,sgd,5.0
exp_b_T1_r8_s42_a149_sigmoid.pth,lora,0.49712246656417847,0.4916006028652191,0.6371994018554688,0.6135814189910889,0.7630242109298706,1140.37890625,4.540542125701904,0.4247449040412903,-0.3538231366506958,1.1934292192699731,0.38229772448539734,0.3039968013763428,0.4038451910018921,0.11482474207878113,0.23335421085357666,0.00692179524319574,2,0.9997294322700816,True,sigmoid,l2,1,8,42,0.01,1,0.0,mnist,,,
exp_b_T1_r8_s42_a149_sigmoid_lr0.005.pth,lora,0.36348575353622437,0.3687240779399872,0.647372841835022,0.5785813331604004,0.7630242109298706,1549.493896484375,4.865365982055664,0.39859694242477417,-0.122286800518616,1.0480357455720788,0.25432443618774414,0.20923224091529846,0.2831118702888489,0.10916131734848022,0.3642609715461731,0.00346089762159787,2,0.999932248648026,True,sigmoid,l2,1,8,42,0.005,1,0.0,mnist,,,
exp_b_T1_r8_s42_a149_sigmoid_lr0.02.pth,lora,0.499026358127594,0.4938535690307617,0.639089822769165,0.6156909465789795,0.7630242109298706,1139.4915771484375,4.522897720336914,0.42155611515045166,-0.35332674310704165,1.1918070000332588,0.3835241198539734,0.3049547076225281,0.4040173590183258,0.1155022382736206,0.23507246375083923,0.01384359048639148,2,0.9989237745740875,False,sigmoid,l2,1,8,42,0.02,1,0.0,mnist,,,
exp_b_T1_r8_s42_a149_sigmoid_npc5.pth,lora,0.23872952163219452,0.25111278891563416,0.5430189967155457,0.4785543382167816,0.563728928565979,1558.784423828125,6.31369686126709,0.3028061091899872,-0.122286800518616,0.8290485862347844,0.209417462348938,0.20257210731506348,0.42821210622787476,0.02931205928325653,0.1148068904876709,0.00621745370999743,8,0.9997452041033033,True,sigmoid,l2,1,8,42,0.01,5,0.0,mnist,,,
exp_b_T1_r8_s42_a149_sigmoid_npc5_lr0.02.pth,lora,0.21288549900054932,0.1667260080575943,0.43578681349754333,0.32053327560424805,0.563728928565979,1487.488037109375,13.916404724121094,0.5068877339363098,-1.000000559817768,1.7677919096976331,0.21218831837177277,0.1735886037349701,0.40464457869529724,0.0006971806287765503,0.031142234802246094,0.01243490741999486,8,0.9989862904671303,False,sigmoid,l2,1,8,42,0.02,5,0.0,mnist,,,
exp_b_T1_r8_s42_a149_silu.pth,lora,0.34087643027305603,0.2919313907623291,0.5590794086456299,0.4688776135444641,0.7630242109298706,1337.680908203125,8.203804016113281,0.3966836631298065,-0.9239926704070403,1.4939254427395594,0.27603089809417725,0.224943146109581,0.4390830397605896,0.06484553217887878,0.11999636888504028,0.036261248433160836,2,0.9760068436820131,False,silu,l2,1,8,42,0.01,1,,mnist,,,
exp_b_T1_r8_s42_a149_silu_lr0.005.pth,lora,0.08444623649120331,0.05664889141917229,0.4073403775691986,0.21530398726463318,0.7630242109298706,1346.050537109375,16.009151458740234,0.5184949040412903,-1.0000025159973702,1.9980364421300176,0.06274744868278503,0.04631057381629944,0.3015233874320984,0.021698787808418274,0.10581699013710022,0.018130624216580418,2,0.9938729154045947,False,silu,l2,1,8,42,0.005,1,0.0,mnist,,,
exp_b_T1_r8_s42_a149_silu_lr0.02.pth,lora,0.03832794725894928,0.024750826880335808,0.22135895490646362,0.09059841930866241,0.7630242109298706,1364.802978515625,18.483642578125,0.5841836929321289,-1.000031376820588,1.9980522195446921,0.024938134476542473,0.020550407469272614,0.1227615550160408,0.013389812782406807,0.09859739989042282,0.07252249686632167,2,0.9119625560180858,False,silu,l2,1,8,42,0.02,1,0.0,mnist,,,
exp_b_T1_r8_s42_a149_silu_lr0.03.pth,lora,0.03819436579942703,0.02462933212518692,0.22038540244102478,0.08998066186904907,0.7630242109298706,1365.00048828125,18.50926971435547,0.5931122303009033,-1.0000708256222384,1.998068100256868,0.024859584867954254,0.02061186358332634,0.12211287766695023,0.013334780931472778,0.09827252477407455,0.10878374529948251,2,0.8261035417053242,False,silu,l2,1,8,42,0.03,1,0.0,mnist,,,
exp_b_T1_r8_s42_a149_silu_lr0.1.pth,lora,0.0386272668838501,0.02496940642595291,0.225702702999115,0.0927901417016983,0.7630242109298706,1364.0751953125,18.471435546875,0.5975765585899353,-1.00078401671229,1.9983600043968033,0.024884644895792007,0.020793970674276352,0.12541434168815613,0.01374262198805809,0.10028836131095886,0.36261248433160836,2,0.3757851106858633,False,silu,l2,1,8,42,0.1,1,0.0,mnist,,,
exp_b_T1_r8_s42_a149_silu_lr0.3.pth,lora,0.03859361261129379,0.02485538274049759,0.22551694512367249,0.09265243262052536,0.7630242109298706,1364.142333984375,18.503257751464844,0.6026785969734192,-1.0070473470017653,2.000922763848883,0.024826854467391968,0.020703649148344994,0.12530377507209778,0.013766758143901825,0.10021317005157471,1.0878374529948251,2,0.14088236000281112,False,silu,l2,1,8,42,0.3,1,0.0,mnist,,,
exp_b_T1_r8_s42_a149_silu_npc5.pth,lora,0.2388225793838501,0.2255973070859909,0.5032418966293335,0.4150635600090027,0.563728928565979,1546.4532470703125,7.874503135681152,0.34566327929496765,-0.999285219898645,1.7557292800107112,0.20585386455059052,0.1822032481431961,0.3915504515171051,0.03296871483325958,0.1116914451122284,0.007124719228935387,8,0.9998348233655125,True,silu,l2,1,8,42,0.01,5,0.0,mnist,,,
exp_b_T1_r8_s42_a149_silu_npc5_lr0.02.pth,lora,0.19592425227165222,0.18238455057144165,0.4478004574775696,0.342700719833374,0.563728928565979,1533.639404296875,10.149582862854004,0.40956631302833557,-0.999999948438208,1.76612569646237,0.16816361248493195,0.15081652998924255,0.3409510850906372,0.027760639786720276,0.10684937238693237,0.014249438457870774,8,0.9993402910060727,False,silu,l2,1,8,42,0.02,5,0.0,mnist,,,
exp_b_T1_r8_s42_a149_softplus.pth,lora,0.49736374616622925,0.48660412430763245,0.6504870057106018,0.6085078716278076,0.7630242109298706,1149.797119140625,4.785266876220703,0.44387754797935486,-0.4912274193120428,1.3181432197616574,0.3819693922996521,0.30498701333999634,0.44795531034469604,0.11539435386657715,0.20253169536590576,0.03788677501534604,1,0.9930771053606906,False,softplus,l2,1,8,42,0.01,1,,mnist,,,
exp_b_T1_r8_s42_a149_softplus_lr0.005.pth,lora,0.4973786473274231,0.48663124442100525,0.6505114436149597,0.6085437536239624,0.7630242109298706,1149.633544921875,4.784574508666992,0.44451531767845154,-0.4910965452596696,1.318005606238195,0.38196656107902527,0.3049934506416321,0.4479534327983856,0.11541208624839783,0.2025580108165741,0.01894338750767302,1,0.9982646488278939,False,softplus,l2,1,8,42,0.005,1,0.0,mnist,,,
exp_b_T1_r8_s42_a149_softplus_lr0.02.pth,lora,0.497364342212677,0.4866026043891907,0.6504831910133362,0.6085034608840942,0.7630242109298706,1149.862060546875,4.785368919372559,0.44515305757522583,-0.49118747731034584,1.3180951487562336,0.3819755017757416,0.3049907684326172,0.4479612112045288,0.11538884043693542,0.20252197980880737,0.07577355003069208,1,0.9727811379752302,False,softplus,l2,1,8,42,0.02,1,0.0,mnist,,,
exp_b_T1_r8_s42_a149_softplus_lr0.03.pth,lora,0.4973638951778412,0.48660337924957275,0.6504840850830078,0.6085052490234375,0.7630242109298706,1149.8319091796875,4.785351753234863,0.44515305757522583,-0.4911890044427879,1.3180988124477813,0.38197484612464905,0.30499088764190674,0.447961688041687,0.11538904905319214,0.2025223970413208,0.11366032504603811,1,0.9410950776400846,False,softplus,l2,1,8,42,0.03,1,0.0,mnist,,,
exp_b_T1_r8_s42_a149_softplus_lr0.05.pth,lora,0.4973638951778412,0.48660337924957275,0.6504840850830078,0.6085052490234375,0.7630242109298706,1149.8319091796875,4.785351753234863,0.44515305757522583,-0.49118900444278785,1.3180988124477815,0.38197484612464905,0.30499088764190674,0.447961688041687,0.11538904905319214,0.2025223970413208,0.18943387507673023,1,0.8578624562464859,False,softplus,l2,1,8,42,0.05,1,0.0,mnist,,,
exp_b_T1_r8_s42_a149_softplus_lr0.1.pth,lora,0.4973638951778412,0.48660337924957275,0.6504840850830078,0.6085052490234375,0.7630242109298706,1149.8319091796875,4.785351753234863,0.44515305757522583,-0.49118900444278785,1.318098812447781,0.38197484612464905,0.30499088764190674,0.447961688041687,0.11538904905319214,0.2025223970413208,0.37886775015346047,1,0.6615304327986764,False,softplus,l2,1,8,42,0.1,1,0.0,mnist,,,
exp_b_T1_r8_s42_a149_softplus_lr0.3.pth,lora,0.3337565064430237,0.301660418510437,0.46752414107322693,0.35167962312698364,0.7630242109298706,1038.7015380859375,13.281129837036133,0.5931122303009033,-1.000019356106846,1.9980602297653962,0.26732826232910156,0.19723351299762726,0.3743842840194702,0.06642824411392212,0.09313985705375671,1.1366032504603814,1,0.3855798610136274,False,softplus,l2,1,8,42,0.3,1,0.0,mnist,,,
exp_b_T1_r8_s42_a149_softplus_npc2.pth,lora,0.284967839717865,0.23717692494392395,0.507941484451294,0.39970582723617554,0.6738914847373962,1440.4007568359375,10.246262550354004,0.4642857015132904,-1.000025859821472,1.7460898360430213,0.23540225625038147,0.18333786725997925,0.3455831706523895,0.04956558346748352,0.16235831379890442,0.03241907541659827,2,0.9942247430894895,False,softplus,l2,1,8,42,0.01,2,0.0,mnist,,,
exp_b_T1_r8_s42_a149_softplus_npc2_lr0.005.pth,lora,0.2987465262413025,0.24773095548152924,0.5151205658912659,0.4075321555137634,0.6738914847373962,1434.2850341796875,9.996636390686035,0.45790815353393555,-1.0000076088694985,1.7460812281020384,0.24900446832180023,0.19279509782791138,0.35232946276664734,0.04974205791950226,0.16279110312461853,0.016209537708299134,2,0.9985555596408291,False,softplus,l2,1,8,42,0.005,2,0.0,mnist,,,
exp_b_T1_r8_s42_a149_softplus_npc2_lr0.02.pth,lora,0.2834342122077942,0.2361236810684204,0.5071642398834229,0.3989403247833252,0.6738914847373962,1440.9779052734375,10.270389556884766,0.46683672070503235,-1.0001034716019404,1.7461236258781316,0.2337946593761444,0.18229304254055023,0.34491458535194397,0.04963955283164978,0.16224965453147888,0.06483815083319654,2,0.9771131491782176,False,softplus,l2,1,8,42,0.02,2,0.0,mnist,,,
exp_b_T1_r8_s42_a149_softplus_npc2_lr0.05.pth,lora,0.2822783291339874,0.23557716608047485,0.5070644021034241,0.3987876772880554,0.6738914847373962,1441.1419677734375,10.275575637817383,0.4681122303009033,-1.0006460023011496,1.7463611755766093,0.2327648401260376,0.18179838359355927,0.3447684943675995,0.04951348900794983,0.16229590773582458,0.16209537708299135,2,0.8764668118152061,False,softplus,l2,1,8,42,0.05,2,0.0,mnist,,,
exp_b_T1_r8_s42_a149_softplus_npc2_lr0.1.pth,lora,0.28225618600845337,0.23557063937187195,0.5071297287940979,0.39881497621536255,0.6738914847373962,1441.0501708984375,10.277446746826172,0.4681122303009033,-1.0025840464720308,1.7472082757838676,0.232733815908432,0.18180641531944275,0.3448101580142975,0.04952237010002136,0.16231957077980042,0.32419075416598275,2,0.6915903670489965,False,softplus,l2,1,8,42,0.1,2,0.0,mnist,,,
exp_b_T1_r8_s42_a149_softplus_npc4.pth,lora,0.23605112731456757,0.1916670799255371,0.47978103160858154,0.3634827136993408,0.566837728023529,1480.48046875,12.061683654785156,0.47177934646606445,-1.0000162930296594,1.7196114421430844,0.21283160150051117,0.16761168837547302,0.4213819205760956,0.023219525814056396,0.05839911103248596,0.031254699611084756,4,0.9944617967698277,False,softplus,l2,1,8,42,0.01,4,0.0,mnist,,,
exp_b_T1_r8_s42_a149_softplus_npc4_lr0.005.pth,lora,0.25113892555236816,0.202945739030838,0.49197977781295776,0.3747192621231079,0.566837728023529,1475.767822265625,11.690191268920898,0.46173468232154846,-1.0000068862477147,1.7196091208729323,0.22769883275032043,0.17825660109519958,0.43281763792037964,0.02344009280204773,0.059162139892578125,0.015627349805542378,4,0.998615142932711,False,softplus,l2,1,8,42,0.005,4,0.0,mnist,,,
exp_b_T1_r8_s42_a149_softplus_npc4_lr0.02.pth,lora,0.21043038368225098,0.17714911699295044,0.4593691825866699,0.34289711713790894,0.566837728023529,1480.679443359375,12.568122863769531,0.48533162474632263,-1.0000651355229888,1.719622133390338,0.18670813739299774,0.1516740918159485,0.3984107971191406,0.023722246289253235,0.0609583854675293,0.06250939922216951,4,0.9780263970393541,False,softplus,l2,1,8,42,0.02,4,0.0,mnist,,,
exp_b_T1_r8_s42_a149_softplus_npc4_lr0.05.pth,lora,0.17788702249526978,0.16758102178573608,0.3685404062271118,0.2960027754306793,0.566837728023529,1464.5418701171875,13.41122817993164,0.4915497303009033,-1.0004092676209386,1.719693596788252,0.15529465675354004,0.14141960442066193,0.312054306268692,0.022592365741729736,0.0564860999584198,0.15627349805542382,4,0.8805044112076761,False,softplus,l2,1,8,42,0.05,4,0.0,mnist,all,sgd,1.0
exp_b_T1_r8_s42_a149_softplus_npc4_lr0.1.pth,lora,0.17257358133792877,0.1658148169517517,0.3565994203090668,0.2939924895763397,0.566837728023529,1457.24755859375,13.642539024353027,0.4964923560619354,-1.0016372708478707,1.7199485277829463,0.14974726736545563,0.13981835544109344,0.30376970767974854,0.022826313972473145,0.05282971262931824,0.31254699611084763,4,0.6982527846256589,False,softplus,l2,1,8,42,0.1,4,0.0,mnist,all,sgd,1.0
exp_b_T1_r8_s42_a149_softplus_npc5.pth,lora,0.2249109447002411,0.18025082349777222,0.4654446542263031,0.3498993217945099,0.563728928565979,1481.6734619140625,12.110766410827637,0.4749999940395355,-1.0000016879891789,1.7678433708300378,0.21169805526733398,0.17712904512882233,0.4151637554168701,0.013212889432907104,0.05028089880943298,0.02994588998935693,5,0.9945672865432442,False,softplus,l2,1,8,42,0.01,5,0.0,mnist,,,
exp_b_T1_r8_s42_a149_softplus_npc5_lr0.02.pth,lora,0.2192608118057251,0.17430409789085388,0.4616090655326843,0.3449036777019501,0.563728928565979,1509.180908203125,12.353606224060059,0.4783163368701935,-1.0000063095459653,1.7678442694009457,0.21285152435302734,0.17688167095184326,0.4185729920864105,0.006409287452697754,0.043036073446273804,0.05989177997871386,5,0.9784374141416698,False,softplus,l2,1,8,42,0.02,5,0.0,mnist,,,
exp_b_T1_r8_s42_a149_softplus_npc8.pth,lora,0.1860288381576538,0.14099149405956268,0.42475995421409607,0.3008396625518799,0.44787657260894775,1532.7989501953125,12.948640823364258,0.45408162474632263,-1.0000025334829752,1.7264766777193608,0.18242058157920837,0.14310838282108307,0.4090879559516907,0.0036082565784454346,0.015671998262405396,0.025632392034988523,8,0.9960810762177309,False,softplus,l2,1,8,42,0.01,8,0.0,mnist,all,sgd,1.0
exp_b_T1_r8_s42_a149_softplus_npc8_lr0.005.pth,lora,0.18876054883003235,0.1441161185503006,0.42680925130844116,0.30564746260643005,0.44787657260894775,1533.4149169921875,12.588103294372559,0.44403699040412903,-1.0000107638742552,1.7264712506878943,0.18586547672748566,0.14682261645793915,0.41378623247146606,0.002895072102546692,0.013023018836975098,0.012816196017494261,8,0.9990203903372514,False,softplus,l2,1,8,42,0.005,8,0.0,mnist,all,sgd,1.0
exp_b_T1_r8_s42_a149_softplus_npc8_lr0.02.pth,lora,0.17760832607746124,0.13646137714385986,0.4196973145008087,0.2937256693840027,0.44787657260894775,1533.13037109375,13.309274673461914,0.46237245202064514,-1.000010027966091,1.7264821812478124,0.17253056168556213,0.13734900951385498,0.4004336893558502,0.005077764391899109,0.019263625144958496,0.051264784069977046,8,0.984381068973332,False,softplus,l2,1,8,42,0.02,8,0.0,mnist,all,sgd,1.0
exp_b_T1_r8_s42_a149_softplus_npc8_lr0.05.pth,lora,0.14233726263046265,0.12401288747787476,0.34623104333877563,0.25751960277557373,0.44787657260894775,1518.0211181640625,14.391613960266113,0.4844547212123871,-1.0000625022384286,1.7265439891705587,0.13471579551696777,0.12115111947059631,0.31673333048820496,0.007621467113494873,0.02949771285057068,0.1281619601749426,8,0.9107504567917906,False,softplus,l2,1,8,42,0.05,8,0.0,mnist,all,sgd,1.0
exp_b_T1_r8_s42_a149_softplus_npc8_lr0.1.pth,lora,0.12852686643600464,0.11334461718797684,0.3066239058971405,0.23119157552719116,0.44787657260894775,1523.1336669921875,15.400211334228516,0.5018335580825806,-1.0002500597602493,1.7267656133428095,0.120745450258255,0.10998521000146866,0.2831290066242218,0.007781416177749634,0.0234948992729187,0.2563239203498852,8,0.7507487323295916,False,softplus,l2,1,8,42,0.1,8,0.0,mnist,all,sgd,1.0
exp_b_T1_r8_s42_a149_tanh.pth,lora,0.08218035846948624,0.021154893562197685,0.11965585500001907,0.01996784098446369,0.7630242109298706,1315.734375,19.327129364013672,0.6434949040412903,-1.000107187499143,1.500081913227344,0.03195660933852196,-0.019800079986453056,0.045538075268268585,0.05022374913096428,0.07411777973175049,0.1235218547433862,2,0.8088680386490588,False,tanh,l2,1,8,42,0.01,1,0.0,mnist,,,
exp_b_T1_r8_s42_a149_tanh_lr0.005.pth,lora,0.07832474261522293,0.020968619734048843,0.11980166286230087,0.02021102048456669,0.7630242109298706,1318.502197265625,19.317459106445312,0.6320152878761292,-1.000026663287729,1.5000208213561832,0.030728671699762344,-0.02080356515944004,0.04654732719063759,0.04759607091546059,0.07325433567166328,0.0617609273716931,2,0.9430942742440978,False,tanh,l2,1,8,42,0.005,1,0.0,mnist,,,
exp_b_T1_r8_s42_a149_tanh_lr0.02.pth,lora,0.08220282942056656,0.02115139737725258,0.11978257447481155,0.0199724193662405,0.7630242109298706,1316.03369140625,19.3292236328125,0.6479591727256775,-1.0004312561413067,1.500327204338423,0.03210915997624397,-0.019826296716928482,0.04569244384765625,0.050093669444322586,0.0740901306271553,0.2470437094867724,2,0.538303863812122,False,tanh,l2,1,8,42,0.02,1,0.0,mnist,,,
exp_b_T1_r8_s42_a149_tanh_npc5.pth,lora,0.20896339416503906,0.1923702508211136,0.4492291510105133,0.35695314407348633,0.563728928565979,1500.824951171875,9.491741180419922,0.3966836631298065,-1.000000413534914,1.767834632929529,0.17613095045089722,0.1495760977268219,0.33212101459503174,0.032832443714141846,0.11710813641548157,0.02407588827404733,4,0.9984771181045909,False,tanh,l2,1,8,42,0.01,5,0.0,mnist,,,
exp_b_T1_r8_s42_a149_tanh_npc5_lr0.02.pth,lora,0.18895664811134338,0.18021628260612488,0.4139372408390045,0.332096129655838,0.563728928565979,1509.6712646484375,10.04887866973877,0.4042091965675354,-1.0000026400015174,1.7678440533044397,0.1590476781129837,0.1415916085243225,0.326953262090683,0.02990896999835968,0.08698397874832153,0.04815177654809466,4,0.9939891207086966,False,tanh,l2,1,8,42,0.02,5,0.0,mnist,,,
exp_b_T1_r8_s42_a150.pth,lora,0.18284626305103302,0.14279307425022125,0.3237912952899933,0.238661527633667,0.7630242109298706,1437.28271484375,12.001002311706543,0.5899234414100647,-1.0003470305457778,1.627602995565641,0.1358436644077301,0.10212229937314987,0.14921033382415771,0.04700259864330292,0.17458096146583557,0.11288470904747322,2,0.622910163088729,False,,l2,1,8,42,0.01,1,,mnist,,,
exp_b_T1_r8_s42_a50.pth,lora,0.14909037947654724,0.14423641562461853,0.2982628345489502,0.22529160976409912,0.7630242109298706,1092.9822998046875,12.059940338134766,0.5102040767669678,-1.000144786808231,1.613788498351985,0.08133792132139206,0.06665237993001938,0.1484002023935318,0.06775245815515518,0.1498626321554184,0.11288470904747322,2,0.622910163088729,False,,l2,1,8,42,0.01,1,,mnist,,,
exp_b_T1_r8_s43_a149.pth,lora,0.34031498432159424,0.3814602792263031,0.6332608461380005,0.5946730375289917,0.6961908340454102,1541.3343505859375,6.12516975402832,0.3386479616165161,-0.1159143624488946,1.023603176925925,0.20201319456100464,0.17857535183429718,0.5440094470977783,0.1383017897605896,0.08925139904022217,7.608197807582418e-10,2,1.0,True,,l2,1,8,43,0.01,1,0.0,mnist,,,
exp_b_T1_r8_s43_a149_npc16.pth,lora,0.17189718782901764,0.16551309823989868,0.46696189045906067,0.36967605352401733,0.40940842032432556,1541.5421142578125,8.073744773864746,0.26873406767845154,-0.9144969524548191,1.6369766615072496,0.1549375355243683,0.14713948965072632,0.4709109961986542,0.016959652304649353,-0.003949105739593506,0.0050298659429833985,7,0.9960441973846759,True,,l2,1,8,43,0.01,16,0.0,mnist,,,
exp_b_T1_r8_s43_a149_npc2.pth,lora,0.2607988715171814,0.2772848606109619,0.5646553635597229,0.5036206245422363,0.5967914462089539,1529.211669921875,6.579102039337158,0.30612245202064514,-0.12430686370285852,1.0271509339165201,0.21279451251029968,0.20948341488838196,0.5542936325073242,0.048004359006881714,0.010361731052398682,4.542217562517045e-10,4,1.0,True,,l2,1,8,43,0.01,2,0.0,mnist,,,
exp_b_T1_r8_s43_a149_npc4.pth,lora,0.16624890267848969,0.1603163182735443,0.4238937497138977,0.3315761685371399,0.47215166687965393,1569.4697265625,9.817669868469238,0.34582269191741943,-0.9999762673864039,1.7508863046249195,0.14879556000232697,0.13327454030513763,0.4363858103752136,0.01745334267616272,-0.012492060661315918,0.013185638017827689,3,0.9812163561204181,False,,l2,1,8,43,0.01,4,0.0,mnist,,,
exp_b_T1_r8_s43_a149_npc8.pth,lora,0.1823515146970749,0.17895840108394623,0.45924288034439087,0.3727879524230957,0.4329995810985565,1509.981201171875,8.707533836364746,0.3042091727256775,-0.929118664779956,1.6097476812358185,0.1548740267753601,0.14827260375022888,0.4644467532634735,0.027477487921714783,-0.005203872919082642,0.007755355024653312,5,0.9903534706986233,True,,l2,1,8,43,0.01,8,0.0,mnist,,,
exp_b_T1_r8_s44_a149.pth,lora,0.38054439425468445,0.4446123242378235,0.6675338745117188,0.6086702346801758,0.7227872610092163,1530.94189453125,5.76961088180542,0.34183672070503235,-0.11952206396006308,1.053572172056541,0.21003521978855133,0.1970786154270172,0.37204796075820923,0.17050917446613312,0.2954859137535095,0.0003832985826448331,2,0.9985470952150146,True,,l2,1,8,44,0.01,1,0.0,mnist,,,
exp_b_T1_r8_s44_a149_npc16.pth,lora,0.15220485627651215,0.15562006831169128,0.4105958342552185,0.33397048711776733,0.42932695150375366,1565.40771484375,9.4742431640625,0.3257732689380646,-1.000000070358147,1.6529413275035574,0.13731326162815094,0.14145375788211823,0.3881398141384125,0.014891594648361206,0.02245602011680603,0.008066846514501996,8,0.9954160334226374,True,,l2,1,8,44,0.01,16,0.0,mnist,,,
exp_b_T1_r8_s44_a149_npc2.pth,lora,0.23409177362918854,0.2674913704395294,0.4502180814743042,0.38358941674232483,0.5905003547668457,1208.0330810546875,8.811117172241211,0.41262754797935486,-0.9225521036529771,1.7833576429889582,0.14102937281131744,0.12905961275100708,0.3366433382034302,0.0930624008178711,0.11357474327087402,0.060377509841201354,2,0.827223655284503,False,,l2,1,8,44,0.01,2,0.0,mnist,,,
exp_b_T1_r8_s44_a149_npc4.pth,lora,0.20232951641082764,0.20152446627616882,0.4309173822402954,0.35839635133743286,0.492693156003952,1516.5052490234375,9.130581855773926,0.35363519191741943,-0.9681420225516414,1.64803656404683,0.17187179625034332,0.1672671139240265,0.3904435932636261,0.030457720160484314,0.04047378897666931,0.022302360037067818,2,0.9633108696076191,False,,l2,1,8,44,0.01,4,0.0,mnist,,,
exp_b_T1_r8_s44_a149_npc8.pth,lora,0.15410937368869781,0.1547325849533081,0.3777164816856384,0.3068547248840332,0.4273524284362793,1519.4599609375,10.244868278503418,0.3548309803009033,-1.0000005001432373,1.6470653556522687,0.13099345564842224,0.1326417326927185,0.3425975739955902,0.023115918040275574,0.03511890769004822,0.015999228886505755,6,0.984128535059485,False,,l2,1,8,44,0.01,8,0.0,mnist,,,
